Стимул,Реакція,Кількість реакцій,Загальна кількість реакцій,Кількість найчастіших реакцій,Тип асоціації
зауваження,вчитель,4,101,16,слово контексту
зауваження,вчителя,4,,,слово контексту
зауваження,порада,4,,,синонім
зауваження,школа,4,,,слово контексту
зауважити,помилку,11,100,30,слово контексту
зауважити,щось,6,,,слово контексту
зауважити,дрібницю,5,,,слово контексту
зауважити,помилка,4,,,слово контексту
зауважити,помітити,4,,,синонім
захмаритися,небо,31,100,39,слово контексту
захмаритися,дощ,4,,,слово контексту
захмаритися,погода,4,,,слово контексту
захотіти,їсти,10,100,25,слово контексту
захотіти,бажання,9,,,слово контексту
захотіти,зробити,6,,,слово контексту
захотітися,бажання,13,103,22,синонім
захотітися,відпочити,3,,,слово контексту
захотітися,їсти,3,,,слово контексту
захотітися,чогось,3,,,слово контексту
зацікавити,когось,12,103,25,слово контексту
зацікавити,чимось,5,,,слово контексту
зацікавити,інтерес,4,,,синонім
зацікавити,людину,4,,,слово контексту
збагатити,себе,20,103,28,слово контексту
збагатити,розум,8,,,слово контексту
збагатіти,гроші,22,102,26,слово контексту
збагатіти,духовно,4,,,слово контексту
збайдужіти,до_когось,6,102,9,слово контексту
збайдужіти,до_життя,3,,,слово контексту
збентежений,нерви,4,101,20,слово контексту
збентежений,тривога,4,,,слово контексту
збентежений,екзамен,3,,,слово контексту
збентежений,наляканий,3,,,синонім
збентежений,страх,3,,,слово контексту
збентежений,схвильований,3,,,синонім
збентеження,страх,5,101,13,слово контексту
збентеження,хвилювання,5,,,синонім
збентеження,переживання,3,,,синонім
збентежити,когось,10,102,22,слово контексту
збентежити,всіх,3,,,слово контексту
збентежити,кого,3,,,слово контексту
збентежити,новина,3,,,слово контексту
збентежити,схвилювати,3,,,синонім
збентежитися,від_чогось,3,100,12,слово контексту
збентежитися,здивуватись,3,,,синонім
збентежитися,страх,3,,,слово контексту
збентежитися,хвилювання,3,,,слово контексту
збідніти,гроші,6,100,12,слово контексту
збідніти,втратити,3,,,синонім
збідніти,морально,3,,,слово контексту
збрехати,неправда,10,103,21,слово контексту
збрехати,погано,6,,,слово контексту
збрехати,комусь,5,,,слово контексту
зважити,вага,5,103,18,слово контексту
зважити,щось,5,,,слово контексту
зважити,обдумати,4,,,синонім
зважити,обміркувати,4,,,синонім
звеселити,когось,11,100,26,слово контексту
звеселити,людей,6,,,слово контексту
звеселити,душу,5,,,слово контексту
звеселити,компанію,4,,,слово контексту
звеселитися,радість,9,103,12,слово контексту
звеселитися,зрадіти,3,,,синонім
звикати,звичка,8,101,16,слово контексту
звикати,наркотики,4,,,слово контексту
звикати,привикати,4,,,синонім
звикнути,звичка,9,102,13,слово контексту
звикнути,життя,4,,,слово контексту
звичай,традиція,12,101,32,синонім
звичай,народний,10,,,слово контексту
звичай,обряд,10,,,синонім
звичайний,простий,14,101,22,синонім
звичайний,день,8,,,слово контексту
звичайно,як_завжди,10,103,20,синонім
звичайно,так,6,,,слово контексту
звичайно,жити,4,,,слово контексту
звичка,куріння,15,100,48,слово контексту
звичка,погана,15,,,слово контексту
звичка,шкідлива,11,,,слово контексту
звичка,курити,7,,,слово контексту
звичний,день,18,98,31,слово контексту
звичний,повсякденний,5,,,синонім
звичний,буденний,4,,,синонім
звичний,маршрут,4,,,слово контексту
звично,робити,7,100,21,слово контексту
звично,бачити,4,,,слово контексту
звично,жити,4,,,слово контексту
звично,завжди,3,,,слово контексту
звично,нудно,3,,,синонім
звільнений,з_роботи,12,98,23,слово контексту
звільнений,вʼязень,6,,,слово контексту
звільнений,працівник,5,,,слово контексту
звільнення,робота,10,101,37,слово контексту
звільнення,тюрма,8,,,слово контексту
звільнення,з_роботи,7,,,слово контексту
звільнення,воля,6,,,синонім
звільнення,свобода,6,,,синонім
звільнити,когось,6,100,17,слово контексту
звільнити,себе,6,,,слово контексту
звільнити,місце,5,,,слово контексту
звільнитися,з_роботи,6,103,12,слово контексту
звільнитися,від_проблем,3,,,слово контексту
звільнитися,робота,3,,,слово контексту
звільняти,з_роботи,19,99,32,слово контексту
звільняти,робота,7,,,слово контексту
звільняти,місце,6,,,слово контексту
звільнятися,з_роботи,16,101,33,слово контексту
звільнятися,свобода,9,,,слово контексту
звільнятися,робота,8,,,слово контексту
звір,лев,16,101,52,слово контексту
звір,вовк,12,,,слово контексту
звір,дикий,8,,,слово контексту
звір,тварина,8,,,синонім
звір,тигр,8,,,слово контексту
згадати,все,27,100,43,слово контексту
згадати,минуле,11,,,слово контексту
згадати,памʼять,5,,,слово контексту
згадка,памʼять,13,101,23,синонім
згадка,думка,5,,,синонім
згадка,загадка,5,,,слово контексту
згадувати,минуле,12,101,26,слово контексту
згадувати,думати,7,,,синонім
згадувати,памʼять,7,,,слово контексту
згрішити,гріх,7,100,23,слово контексту
згрішити,Бог,4,,,слово контексту
згрішити,вкрасти,4,,,слово контексту
згрішити,погано,4,,,слово контексту
згрішити,церква,4,,,слово контексту
здивований,сюрприз,5,101,9,слово контексту
здивований,приємно,4,,,слово контексту
здивовано,дивитися,13,101,25,слово контексту
здивовано,глянути,6,,,слово контексту
здивовано,подивитися,6,,,слово контексту
здивування,очі,10,101,25,слово контексту
здивування,подив,10,,,слово контексту
здивування,несподіванка,5,,,слово контексту
здивуватися,несподіванка,5,100,12,слово контексту
здивуватися,подив,4,,,слово контексту
здивуватися,новина,3,,,слово контексту
здобувати,освіту,29,101,46,слово контексту
здобувати,освіта,13,,,слово контексту
здобувати,знання,4,,,слово контексту
здобути,славу,14,101,38,слово контексту
здобути,освіту,18,,,слово контексту
здобути,перемогу,6,,,слово контексту
здобуток,великий,5,101,14,слово контексту
здобуток,гроші,5,,,слово контексту
здобуток,досягнення,4,,,слово контексту
зелений,колір,14,101,34,слово контексту
зелений,гай,8,,,слово контексту
зелений,синій,6,,,слово контексту
зелений,червоний,6,,,антонім
зеленіти,трава,14,101,33,слово контексту
зеленіти,весна,12,,,слово контексту
зеленіти,листя,7,,,слово контексту
земля,планета,7,101,19,синонім
земля,кругла,6,,,слово контексту
земля,чорна,6,,,слово контексту
зірка,ясна,10,102,24,слово контексту
зірка,небо,9,,,слово контексту
зірка,сонце,5,,,синонім
зʼїсти,мʼясо,6,101,22,слово контексту
зʼїсти,яблуко,6,,,слово контексту
зʼїсти,морозиво,5,,,слово контексту
зʼїсти,обід,5,,,слово контексту
злий,пес,20,101,40,слово контексту
злий,собака,12,,,слово контексту
злий,добрий,8,,,антонім
злитися,на_когось,9,101,17,слово контексту
злитися,нервуватися,5,,,синонім
злитися,нерви,3,,,слово контексту
зліва,справа,38,100,48,антонім
зліва,направо,10,,,антонім
злість,гнів,5,101,18,синонім
злість,нерви,5,,,синонім
злість,ненависть,4,,,синонім
злість,зло,4,,,слово контексту
зло,добро,24,99,38,антонім
зло,погане,4,,,синонім
зло,погано,4,,,слово контексту
зло,чорне,3,,,слово контексту
зло,людина,3,,,слово контексту
змогти,зробити,23,100,27,синонім
змогти,робити,4,,,слово контексту
знаний,відомий,32,101,44,синонім
знаний,авторитет,3,,,слово контексту
знаний,лікар,3,,,слово контексту
знаний,письменник,3,,,слово контексту
знаний,поет,3,,,слово контексту
знання,сила,10,99,21,слово контексту
знання,розум,7,,,синонім
знання,незнання,4,,,антонім
знати,все,12,101,20,слово контексту
знати,розум,4,,,слово контексту
знати,щось,4,,,слово контексту
зневіра,віра,4,101,16,антонім
зневіра,втрата,4,,,синонім
зневіра,байдужість,2,,,синонім
зневіра,розчарування,2,,,синонім
зневіра,смерть,2,,,слово контексту
зневіра,сум,2,,,синонім
зневіритися,в_собі,11,201,37,слово контексту
зневіритися,в_чомусь,11,,,слово контексту
зневіритися,в_комусь,8,,,слово контексту
зневіритися,розчаруватися,7,,,синонім
зневірятися,розчаровуватися,4,101,26,синонім
зневірятися,безнадія,4,,,слово контексту
зневірятися,в_чомусь,3,,,слово контексту
зневірятися,зрада,3,,,слово контексту
зневірятися,падати,3,,,синонім
зневірятися,погано,3,,,слово контексту
зневірятися,розчарування,3,,,слово контексту
зневірятися,у_собі,3,,,слово контексту
зненавидіти,когось,16,100,30,слово контексту
зненавидіти,людину,6,,,слово контексту
зненавидіти,ворог,4,,,слово контексту
зненавидіти,себе,4,,,слово контексту
зобовʼязаний,обовʼязок,10,101,16,слово контексту
зобовʼязаний,армія,6,,,слово контексту
зобовʼязання,обовʼязок,9,101,16,синонім
зобовʼязання,робота,4,,,слово контексту
зобовʼязання,відповідальність,3,,,слово контексту
зобовʼязати,себе,13,100,33,слово контексту
зобовʼязати,когось,8,,,слово контексту
зобовʼязати,зробити,5,,,слово контексту
зобовʼязати,обовʼязок,4,,,слово контексту
зобовʼязати,змусити,3,,,синонім
зобовʼязувати,когось,6,101,15,слово контексту
зобовʼязувати,примушувати,5,,,синонім
зобовʼязувати,заставляти,4,,,синонім
зорі,небо,25,102,49,слово контексту
зорі,ясні,19,,,слово контексту
зорі,місяць,5,,,слово контексту
зрадіти,щастя,5,99,15,слово контексту
зрадіти,чомусь,4,,,слово контексту
зрадіти,зустрічі,3,,,слово контексту
зрадіти,побачити,3,,,слово контексту
зробити,добро,11,99,29,слово контексту
зробити,добре,8,,,слово контексту
зробити,завдання,5,,,слово контексту
зробити,щось,5,,,слово контексту
зробитися,добрим,13,100,23,слово контексту
зробитися,стати,4,,,синонім
зробитися,злим,3,,,слово контексту
зробитися,кращим,3,,,слово контексту
зрозуміти,все,4,99,18,слово контексту
зрозуміти,когось,4,,,слово контексту
зрозуміти,суть,4,,,слово контексту
зрозуміти,розум,3,,,слово контексту
зрозуміти,себе,3,,,слово контексту
зручний,крісло,9,101,30,слово контексту
зручний,одяг,8,,,слово контексту
зручний,час,7,,,слово контексту
зручний,диван,6,,,слово контексту
зручність,крісло,13,101,31,слово контексту
зручність,комфорт,10,,,синонім
зручність,добре,8,,,слово контексту
зручно,сидіти,20,99,30,слово контексту
зручно,незручно,6,,,антонім
зручно,добре,4,,,слово контексту
імʼя,моє,11,102,29,слово контексту
імʼя,людина,6,,,слово контексту
імʼя,назва,6,,,слово контексту
імʼя,прізвище,6,,,слово контексту
інколи,ніколи,13,102,42,антонім
інколи,буває,10,,,синонім
інколи,завжди,10,,,слово контексту
інколи,деколи,9,,,синонім
їжа,смачна,11,101,24,слово контексту
їжа,смачно,7,,,слово контексту
їжа,хліб,6,,,слово контексту
їзда,кінь,16,101,40,слово контексту
їзда,верхи,9,,,слово контексту
їзда,машина,7,,,слово контексту
їзда,швидка,8,,,слово контексту
їздити,верхи,14,101,28,слово контексту
їздити,машина,9,,,слово контексту
їздити,на_машині,5,,,слово контексту
їсти,смачно,11,101,26,слово контексту
їсти,хліб,8,,,слово контексту
їсти,пити,7,,,слово контексту
їстися,сваритися,7,101,18,синонім
їстися,гризтися,6,,,синонім
їстися,сварка,5,,,слово контексту
їстівний,гриб,36,101,49,слово контексту
їстівний,фрукт,6,,,слово контексту
їстівний,продукт,7,,,слово контексту
їхати,додому,14,101,22,слово контексту
їхати,велосипед,4,,,слово контексту
їхати,машина,4,,,слово контексту
йти,пішки,12,101,26,слово контексту
йти,додому,8,,,слово контексту
йти,ноги,6,,,слово контексту
казати,правду,18,101,38,слово контексту
казати,говорити,11,,,синонім
казати,слово,9,,,слово контексту
калина,червона,41,102,59,слово контексту
калина,дерево,8,,,слово контексту
калина,малина,10,,,слово контексту
керівний,орган,22,101,35,слово контексту
керівний,директор,8,,,слово контексту
керівний,посада,5,,,слово контексту
керівник,директор,12,101,27,слово контексту
керівник,начальник,7,,,слово контексту
керівник,науковий,4,,,слово контексту
керівник,шеф,4,,,слово контексту
керівництво,влада,11,99,24,слово контексту
керівництво,директор,7,,,слово контексту
керівництво,посада,6,,,слово контексту
керувати,автомобіль,11,102,33,слово контексту
керувати,машина,7,,,слово контексту
керувати,влада,5,,,слово контексту
керувати,машиною,5,,,слово контексту
керувати,управляти,5,,,синонім
кінь,кобила,11,100,30,слово контексту
кінь,тварина,7,,,слово контексту
кінь,віз,4,,,слово контексту
кінь,сідло,4,,,слово контексту
кінь,швидкий,4,,,слово контексту
кликати,на_допомогу,16,101,45,слово контексту
кликати,допомога,12,,,слово контексту
кликати,когось,10,,,слово контексту
кликати,кричати,7,,,слово контексту
козак,Мамай,15,102,24,слово контексту
козак,шаровари,5,,,слово контексту
козак,воїн,4,,,слово контексту
коричневий,колір,28,103,44,слово контексту
коричневий,кора,6,,,слово контексту
коричневий,стіл,5,,,слово контексту
коричневий,фашизм,5,,,слово контексту
коріння,дерево,30,101,44,слово контексту
коріння,дерева,10,,,слово контексту
коріння,міцне,4,,,слово контексту
коханий,кохана,13,102,31,синонім
коханий,чоловік,13,,,слово контексту
коханий,хлопець,5,,,слово контексту
кохання,любов,14,101,25,синонім
кохання,серце,6,,,слово контексту
кохання,секс,5,,,слово контексту
кохати,дівчина,10,101,26,слово контексту
кохати,дівчину,9,,,слово контексту
кохати,любити,7,,,синонім
країна,Україна,39,100,48,слово контексту
країна,держава,9,,,слово контексту
край,рідний,19,98,28,слово контексту
край,земля,5,,,слово контексту
край,батьківщина,4,,,слово контексту
кров,червона,23,101,32,слово контексту
кров,група,5,,,слово контексту
кров,червоне,4,,,слово контексту
курка,яйце,23,100,39,слово контексту
курка,ряба,9,,,слово контексту
курка,півень,7,,,слово контексту
лад,порядок,8,101,27,синонім
лад,спокій,4,,,слово контексту
лад,гітара,3,,,слово контексту
лад,добре,3,,,слово контексту
лад,музика,3,,,слово контексту
лад,поганий,3,,,слово контексту
лад,устрій,3,,,слово контексту
ладен,готовий,8,101,23,синонім
ладен,бен,5,,,слово контексту
ладен,зробити,5,,,слово контексту
ладен,на_все,5,,,слово контексту
ладнати,справи,16,102,29,слово контексту
ладнати,ремонтувати,4,,,слово контексту
ладнати,компроміс,3,,,слово контексту
ладнати,ламати,3,,,антонім
ладнати,ремонт,3,,,слово контексту
ладний,гарний,14,101,31,слово контексту
ладний,на_все,5,,,слово контексту
ладний,готовий,4,,,слово контексту
ладний,добрий,4,,,слово контексту
ладний,хороший,4,,,слово контексту
лихий,поганий,19,101,44,синонім
лихий,чоловік,7,,,слово контексту
лихий,злий,18,,,синонім
лихо,біда,23,101,36,синонім
лихо,горе,8,,,синонім
лихо,з_розуму,5,,,слово контексту
лівий,правий,33,101,51,антонім
лівий,черевик,7,,,слово контексту
лівий,комуніст,6,,,слово контексту
лівий,бік,5,,,слово контексту
луна,місяць,25,101,44,синонім
луна,ехо,13,,,слово контексту
луна,гори,6,,,слово контексту
лунати,голосно,8,101,43,слово контексту
лунати,звук,7,,,слово контексту
лунати,місяць,7,,,слово контексту
лунати,ехо,6,,,слово контексту
лунати,звучати,5,,,синонім
лунати,луна,5,,,слово контексту
лунати,музика,5,,,слово контексту
любий,коханий,13,101,24,синонім
любий,друг,6,,,слово контексту
любий,будь-який,5,,,синонім
любити,кохати,18,102,30,синонім
любити,дівчина,7,,,слово контексту
любити,дівчину,5,,,слово контексту
любов,кохання,16,101,19,синонім
любов,секс,3,,,слово контексту
людина,істота,8,100,20,слово контексту
людина,тварина,7,,,слово контексту
людина,розумна,5,,,слово контексту
людяний,добрий,28,101,40,слово контексту
людяний,чоловік,8,,,слово контексту
людяний,гуманний,4,,,слово контексту
людяність,доброта,18,99,38,слово контексту
людяність,добро,8,,,слово контексту
людяність,людина,6,,,слово контексту
людяність,порядність,6,,,слово контексту
лякати,страх,16,101,34,слово контексту
лякати,когось,8,,,слово контексту
лякати,страшити,10,,,синонім
лякатися,страх,16,102,29,слово контексту
лякатися,боятися,9,,,синонім
лякатися,небезпеки,4,,,слово контексту
майбутнє,минуле,6,99,20,антонім
майбутнє,життя,5,,,слово контексту
майбутнє,світло,5,,,слово контексту
майбутнє,світле,4,,,слово контексту
майбутній,час,27,101,37,слово контексту
майбутній,день,4,,,слово контексту
майбутній,чоловік,3,,,слово контексту
майбутній,програміст,3,,,слово контексту
мати,рідна,7,199,51,слово контексту
мати,батько,9,,,слово контексту
мати,мама,4,,,синонім
мати,гроші,19,,,слово контексту
мати,щось,8,,,слово контексту
мати,власність,4,,,слово контексту
минати,час,13,101,29,слово контексту
минати,когось,7,,,слово контексту
минати,роки,5,,,слово контексту
минати,стовп,4,,,слово контексту
минуле,дитинство,11,98,29,слово контексту
минуле,майбутнє,11,,,антонім
минуле,історія,7,,,слово контексту
минулий,час,26,101,52,слово контексту
минулий,рік,18,,,слово контексту
минулий,день,8,,,слово контексту
минути,час,9,99,18,слово контексту
минути,пройти,6,,,синонім
минути,щось,3,,,слово контексту
мислення,думка,11,99,30,слово контексту
мислення,розум,19,,,слово контексту
мислити,думати,25,101,40,синонім
мислити,логічно,8,,,слово контексту
мислити,існувати,7,,,слово контексту
міркування,думка,17,101,33,синонім
міркування,роздуми,8,,,синонім
міркування,думки,8,,,синонім
міркувати,думати,15,101,31,синонім
міркувати,думка,6,,,слово контексту
міркувати,мислити,5,,,синонім
міркувати,роздумувати,5,,,синонім
місто,Львів,25,99,35,слово контексту
місто,село,6,,,слово контексту
місто,цивілізація,4,,,слово контексту
міський,голова,21,101,45,слово контексту
міський,транспорт,17,,,слово контексту
міський,сільський,7,,,слово контексту
місяць,повний,15,102,46,слово контексту
місяць,ясний,16,,,слово контексту
місяць,ніч,7,,,слово контексту
місяць,зорі,8,,,слово контексту
мова,українська,18,99,55,слово контексту
мова,рідна,28,,,слово контексту
мова,спілкування,9,,,слово контексту
мовити,говорити,19,101,44,синонім
мовити,слово,17,,,слово контексту
мовити,сказати,8,,,синонім
мовний,барʼєр,12,101,22,слово контексту
мовний,зворот,5,,,слово контексту
мовний,словник,5,,,слово контексту
мовчазний,хлопець,13,101,17,слово контексту
мовчазний,соромʼязливий,4,,,слово контексту
мовчання,золото,15,101,34,слово контексту
мовчання,ягнят,15,,,слово контексту
мовчання,тиша,4,,,слово контексту
мовчати,німий,7,101,20,слово контексту
мовчати,не_говорити,4,,,антонім
мовчати,довго,3,,,слово контексту
мовчати,тихо,3,,,слово контексту
мовчати,тиша,3,,,слово контексту
мовчки,сидіти,12,99,26,слово контексту
мовчки,тихо,9,,,слово контексту
мовчки,думати,5,,,слово контексту
могти,зробити,13,101,32,слово контексту
могти,робити,9,,,слово контексту
могти,сила,5,,,слово контексту
могти,хотіти,5,,,слово контексту
можливий,варіант,16,101,28,слово контексту
можливий,випадок,6,,,слово контексту
можливий,реальний,6,,,слово контексту
можливість,шанс,6,99,15,синонім
можливість,велика,3,,,слово контексту
можливість,гроші,3,,,слово контексту
можливість,спроба,3,,,слово контексту
можливо,неможливо,10,99,23,антонім
можливо,зробити,9,,,слово контексту
можливо,все,4,,,слово контексту
можна,дозвіл,6,100,24,слово контексту
можна,не_можна,6,,,антонім
можна,зробити,6,,,слово контексту
можна,треба,6,,,слово контексту
молода,дівчина,32,101,51,слово контексту
молода,дружина,7,,,слово контексту
молода,Галичина,6,,,слово контексту
молода,жінка,6,,,слово контексту
молодий,чоловік,10,100,25,слово контексту
молодий,хлопець,8,,,слово контексту
молодий,я,7,,,слово контексту
молодість,радість,9,99,20,слово контексту
молодість,старість,7,,,слово контексту
молодість,юність,4,,,синонім
молодіти,душею,5,98,23,слово контексту
молодіти,на_очах,9,,,слово контексту
молодіти,старіти,9,,,антонім
молодо,виглядати,26,103,34,слово контексту
молодо,зелено,4,,,слово контексту
молодо,молодість,4,,,слово контексту
молодь,люди,4,101,19,синонім
молодь,дурна,3,,,слово контексту
молодь,золота,3,,,слово контексту
молодь,старість,3,,,антонім
молодь,студенти,3,,,синонім
молодь,юність,3,,,синонім
мрія,бажання,5,99,14,синонім
мрія,літак,5,,,слово контексту
мрія,мета,4,,,синонім
мріяти,про_щось,6,101,14,слово контексту
мріяти,думати,4,,,синонім
мріяти,про_майбутнє,4,,,слово контексту
мусити,зробити,12,101,29,слово контексту
мусити,обовʼзок,12,,,синонім
мусити,робити,5,,,слово контексту
наближати,кінець,8,101,19,слово контексту
наближати,до_себе,6,,,слово контексту
наближати,майбутнє,5,,,слово контексту
наближатися,до_мети,14,98,27,слово контексту
наближатися,мета,7,,,слово контексту
наближатися,до_когось,6,,,слово контексту
наблизити,до_себе,9,99,19,слово контексту
наблизити,час,4,,,слово контексту
наблизити,до_мети,3,,,слово контексту
наблизити,кінець,3,,,слово контексту
наблизитися,до_мети,11,104,25,слово контексту
наблизитися,підійти,8,,,слово контексту
наблизитися,до_когось,6,,,слово контексту
назва,імʼя,27,99,30,синонім
назва,твір,3,,,слово контексту
назвати,імʼя,32,104,43,слово контексту
назвати,слово,7,,,слово контексту
назвати,когось,4,,,слово контексту
назватися,імʼя,22,100,36,слово контексту
назватися,кимось,6,,,слово контексту
назватися,іменем,4,,,слово контексту
назватися,імʼям,4,,,слово контексту
називати,імʼя,29,100,42,слово контексту
називати,когось,7,,,слово контексту
називати,імена,6,,,слово контексту
називатися,імʼя,32,98,44,слово контексту
називатися,людиною,7,,,слово контексту
називатися,іменем,5,,,слово контексту
наказ,доручення,3,99,12,синонім
наказ,закон,3,,,синонім
наказ,президента,3,,,слово контексту
наказ,примус,3,,,синонім
наказати,комусь,9,100,15,слово контексту
наказати,зробити,6,,,слово контексту
наказувати,робити,7,100,19,слово контексту
наказувати,комусь,4,,,слово контексту
наказувати,кричати,4,,,синонім
наказувати,начальник,4,,,слово контексту
народ,люди,10,99,24,синонім
народ,український,8,,,слово контексту
народ,нація,6,,,синонім
народний,депутат,28,100,44,слово контексту
народний,дім,6,,,слово контексту
народний,артист,5,,,слово контексту
народний,танець,5,,,слово контексту
насмілитися,підійти,5,103,40,слово контексту
насмілитися,зробити,13,,,слово контексту
насмілитися,сказати,22,,,слово контексту
насправді,дійсно,10,102,20,синонім
насправді,правда,7,,,синонім
насправді,брехня,3,,,антонім
настрашитися,когось,6,102,20,слово контексту
настрашитися,страх,6,,,синонім
настрашитися,чогось,5,,,слово контексту
настрашитися,боятися,3,,,синонім
небесний,ангел,6,100,21,слово контексту
небесний,птах,6,,,слово контексту
небесний,Бог,5,,,слово контексту
небесний,хмари,4,,,слово контексту
небо,синє,17,98,43,слово контексту
небо,голубе,10,,,слово контексту
небо,земля,9,,,антонім
небо,хмари,7,,,слово контексту
невірно,відповісти,6,102,22,слово контексту
невірно,помилка,6,,,синонім
невірно,зрозуміти,5,,,слово контексту
невірно,сказати,5,,,слово контексту
недарма,дарма,6,102,18,антонім
недарма,кажуть,6,,,слово контексту
недарма,працювати,3,,,слово контексту
недарма,робити,3,,,слово контексту
незалежний,вільний,17,100,32,синонім
незалежний,держава,5,,,слово контексту
незалежний,Україна,10,,,слово контексту
незалежність,Україна,18,101,34,слово контексту
незалежність,воля,8,,,синонім
незалежність,свобода,8,,,синонім
незручний,одяг,9,100,30,слово контексту
незручний,крісло,7,,,слово контексту
незручний,поганий,7,,,слово контексту
незручний,час,7,,,слово контексту
незручність,погано,5,101,21,синонім
незручність,дискомфорт,4,,,синонім
незручність,крісло,2,,,слово контексту
незручність,парта,2,,,слово контексту
незручність,прокладка,2,,,слово контексту
незручність,сором,2,,,синонім
незручність,тролейбус,2,,,слово контексту
незручність,час,2,,,слово контексту
незручно,сидіти,17,100,38,слово контексту
незручно,почуватися,9,,,слово контексту
незручно,дискомфорт,3,,,синонім
незручно,зручно,3,,,антонім
незручно,почуватися,3,,,слово контексту
незручно,сказати,3,,,слово контексту
неймовірний,випадок,8,100,16,слово контексту
неймовірний,вчинок,4,,,слово контексту
неймовірний,день,4,,,слово контексту
ненавидіти,ворог,6,100,28,слово контексту
ненавидіти,зло,6,,,синонім
ненавидіти,когось,6,,,слово контексту
ненавидіти,любити,5,,,антонім
ненавидіти,не_любити,5,,,синонім
ненависть,злість,8,100,33,синонім
ненависть,зло,9,,,синонім
ненависть,ворог,6,,,слово контексту
ненависть,гнів,10,,,синонім
неприємний,запах,43,100,57,слово контексту
неприємний,смак,7,,,слово контексту
неприємний,чоловік,4,,,слово контексту
неприємний,поганий,3,,,синонім
неприємність,халепа,6,99,12,синонім
неприємність,біль,3,,,синонім
неприємність,зло,3,,,синонім
неприємно,погано,7,102,15,синонім
неприємно,пахнути,4,,,слово контексту
неприємно,приємно,4,,,антонім
ніс,обличчя,12,102,30,слово контексту
ніс,довгий,10,,,слово контексту
ніс,рот,8,,,слово контексту
ніч,день,15,99,50,антонім
ніч,темно,11,,,слово контексту
ніч,темна,7,,,слово контексту
ніч,сон,6,,,слово контексту
ніч,темрява,6,,,слово контексту
ніч,темнота,5,,,слово контексту
нічний,клуб,8,100,33,слово контексту
нічний,сторж,8,,,слово контексту
нічний,гість,7,,,слово контексту
нічний,птах,5,,,слово контексту
нічний,темний,5,,,синонім
новий,одяг,17,100,43,слово контексту
новий,канал,8,,,слово контексту
новий,автомобіль,6,,,слово контексту
новий,день,6,,,слово контексту
новий,старий,6,,,антонім
новина,приємна,7,99,17,слово контексту
новина,звістка,5,,,синонім
новина,хороша,5,,,слово контексту
новітній,сучасний,9,98,30,синонім
новітній,історія,7,,,слово контексту
новітній,світ,7,,,слово контексту
новітній,час,7,,,слово контексту
нога,рука,16,102,32,антонім
нога,довга,6,,,слово контексту
нога,взуття,5,,,слово контексту
нога,ліва,5,,,слово контексту
обіцянка,цяцянка,25,99,39,слово контексту
обіцянка,виконання,5,,,слово контексту
обіцянка,слово,5,,,слово контексту
обіцянка,обов’язок,4,,,синонім
обіцяти,виконувати,7,100,22,слово контексту
обіцяти,щось,6,,,слово контексту
обіцяти,брехати,5,,,слово контексту
обіцяти,обовʼязок,4,,,синонім
обличчя,лице,7,99,13,синонім
обличчя,людина,6,,,слово контексту
обман,зрада,13,102,33,синонім
обман,брехня,8,,,синонім
обман,правда,8,,,антонім
обман,неправда,4,,,синонім
обовʼязковий,екзамен,6,100,17,слово контексту
обовʼязковий,предмет,6,,,слово контексту
обовʼязковий,обовʼязок,5,,,слово контексту
обовʼязково,зробити,11,102,25,слово контексту
обовʼязково,зроблю,5,,,слово контексту
обовʼязково,треба,5,,,слово контексту
обовʼязково,потрібно,4,,,синонім
обовʼязок,зобовʼязання,4,99,16,синонім
обовʼязок,армія,3,,,слово контексту
обовʼязок,виконання,3,,,слово контексту
обовʼязок,необхідність,3,,,синонім
обовʼязок,робота,3,,,слово контексту
одруження,сімʼя,6,99,20,слово контексту
одруження,відповідальність,5,,,слово контексту
одруження,шлюб,5,,,синонім
одруження,обов’язок,4,,,слово контексту
одружити,когось,6,102,19,слово контексту
одружити,сімʼя,5,,,слово контексту
одружити,дітей,4,,,слово контексту
одружити,сина,4,,,слово контексту
одружитися,з_кимось,8,100,22,слово контексту
одружитися,сімʼя,6,,,слово контексту
одружитися,весілля,4,,,слово контексту
одружитися,з_коханою,4,,,слово контексту
одружувати,весілля,10,100,19,слово контексту
одружувати,когось,5,,,слово контексту
одружувати,сина,4,,,слово контексту
одружуватися,жінка,8,98,25,слово контексту
одружуватися,весілля,7,,,слово контексту
одружуватися,з_дівчиною,6,,,слово контексту
одружуватися,женитися,4,,,слово контексту
озлитися,на_когось,11,100,28,слово контексту
озлитися,гнів,7,,,синонім
озлитися,на_себе,4,,,слово контексту
озлитися,гнів,3,,,синонім
озлитися,собака,3,,,слово контексту
око,зір,15,99,27,слово контексту
око,око,6,,,синонім
око,ніс,6,,,слово контексту
оселитися,дім,8,102,20,слово контексту
оселитися,будинок,7,,,слово контексту
оселитися,вдома,5,,,слово контексту
оселя,дім,24,99,57,синонім
оселя,будинок,14,,,синонім
оселя,хата,11,,,синонім
оселя,квартира,6,,,синонім
оселя,сім’я,2,,,слово контексту
оселятися,дім,15,100,29,слово контексту
оселятися,хата,8,,,слово контексту
оселятися,новосілля,6,,,слово контексту
охоче,робити,6,102,18,слово контексту
охоче,допомогти,4,,,слово контексту
охоче,зробити,4,,,слово контексту
охоче,неохоче,4,,,антонім
охочий,бажання,6,100,20,слово контексту
охочий,бажаний,4,,,синонім
охочий,до_чогось,4,,,слово контексту
охочий,бажаючий,3,,,синонім
охочий,до_роботии,3,,,слово контексту
очі,карі,15,102,34,слово контексту
очі,чорні,8,,,слово контексту
очі,сині,6,,,слово контексту
очі,зір,5,,,синонім
очолити,військо,11,101,21,слово контексту
очолити,команду,5,,,слово контексту
очолити,фірму,5,,,слово контексту
очолювати,військо,7,100,23,слово контексту
очолювати,керувати,6,,,синонім
очолювати,державу,5,,,слово контексту
очолювати,лідер,5,,,слово контексту
очорнити,когось,8,101,16,слово контексту
очорнити,людину,4,,,слово контексту
очорнити,себе,4,,,слово контексту
памʼятати,памʼять,7,112,28,слово контексту
памʼятати,вірш,6,,,слово контексту
памʼятати,все,5,,,слово контексту
памʼятати,добро,5,,,слово контексту
памʼятати,знати,5,,,синонім
памʼятка,архітектури,7,99,17,слово контексту
памʼятка,архітектура,6,,,слово контексту
памʼятка,памʼятник,4,,,синонім
памʼятний,день,20,100,48,слово контексту
памʼятний,знак,17,,,слово контексту
памʼятний,памʼятник,6,,,слово контексту
памʼятний,незабутній,5,,,синонім
памʼять,мозок,9,101,19,слово контексту
памʼять,добра,5,,,слово контексту
памʼять,розум,5,,,синонім
переляк,страх,34,99,40,синонім
переляк,жах,6,,,синонім
переляканий,страх,12,111,34,синонім
переляканий,заєць,10,,,слово контексту
переляканий,боягуз,4,,,синонім
переляканий,вигляд,4,,,слово контексту
переляканий,наляканий,4,,,синонім
перелякати,когось,14,100,29,слово контексту
перелякати,страх,7,,,синонім
перелякати,людину,4,,,слово контексту
перелякати,настрашити,4,,,синонім
перелякатися,страх,14,100,26,синонім
перелякатися,когось,7,,,слово контексту
перелякатися,страшно,5,,,слово контексту
перемагати,ворога,8,112,19,слово контексту
перемагати,зло,6,,,слово контексту
перемагати,себе,5,,,слово контексту
перемога,радість,14,99,24,слово контексту
перемога,війна,6,,,слово контексту
перемога,ура,4,,,слово контексту
перемогти,ворога,12,202,38,слово контексту
перемогти,війна,10,,,слово контексту
перемогти,когось,8,,,слово контексту
перемогти,себе,8,,,слово контексту
переможець,сильний,4,101,7,слово контексту
переможець,перший,3,,,синонім
переставати,думати,7,100,19,слово контексту
переставати,вчитися,3,,,слово контексту
переставати,жити,3,,,слово контексту
переставати,зупинятися,3,,,синонім
переставати,стоп,3,,,синонім
перестати,робити,9,99,15,слово контексту
перестати,зупинитись,6,,,синонім
пес,собака,13,99,36,синонім
пес,кіт,9,,,антонім
пес,тварина,8,,,слово контексту
пес,друг,6,,,слово контексту
питання,відповідь,40,99,49,слово контексту
питання,цікавість,5,,,синонім
питання,на_засипку,4,,,слово контексту
питати,незнання,5,100,17,синонім
питати,відповідь,4,,,слово контексту
питати,когось,4,,,слово контексту
питати,цікавитись,4,,,синонім
півень,ранок,18,99,46,слово контексту
півень,курка,16,,,синонім
півень,когут,6,,,слово контексту
півень,птах,6,,,синонім
пізнавати,світ,24,100,37,слово контексту
пізнавати,себе,7,,,слово контексту
пізнавати,життя,6,,,слово контексту
пізнання,світ,5,99,17,слово контексту
пізнання,знання,4,,,слово контексту
пізнання,розвиток,4,,,слово контексту
пізнання,розум,4,,,слово контексту
пізнати,світ,27,211,85,слово контексту
пізнати,себе,41,,,слово контексту
пізнати,істину,10,,,слово контексту
пізнати,правду,7,,,слово контексту
пісня,музика,7,99,24,синонім
пісня,спів,5,,,синонім
пісня,весела,4,,,слово контексту
пісня,горілка,4,,,слово контексту
пісня,душа,4,,,слово контексту
побажати,щастя,31,99,50,слово контексту
побажати,добра,7,,,слово контексту
побажати,здоровʼя,6,,,слово контексту
побажати,успіху,6,,,слово контексту
побачитися,зустріч,9,100,24,синонім
побачитися,з_дівчиною,5,,,слово контексту
побачитися,з_кимось,5,,,слово контексту
побачитися,зустрітися,5,,,синонім
побачити,очі,4,99,23,слово контексту
побачити,світ,4,,,слово контексту
побачити,друга,3,,,слово контексту
побачити,зір,3,,,слово контексту
побачити,зустріти,3,,,синонім
побачити,когось,3,,,слово контексту
побачити,правду,3,,,слово контексту
побігати,довго,4,99,17,слово контексту
побігати,крос,4,,,слово контексту
побігати,на_стадіоні,3,,,слово контексту
побігати,навколо,3,,,слово контексту
побігати,футбол,3,,,слово контексту
побігти,швидко,7,99,17,слово контексту
побігти,вперед,6,,,слово контексту
побігти,додому,4,,,слово контексту
побілити,стіни,13,99,36,слово контексту
побілити,хату,12,,,слово контексту
побілити,стіну,11,,,слово контексту
побіліти,страх,8,99,23,синонім
побіліти,від_страху,7,,,слово контексту
побіліти,зі_страху,4,,,слово контексту
побіліти,почорніти,4,,,антонім
побоювання,страх,22,99,36,синонім
побоювання,невпевненість,4,,,синонім
побоювання,переляк,4,,,синонім
побоювання,обережність,3,,,синонім
побоювання,сумнів,3,,,синонім
побоюватися,страх,33,202,59,синонім
побоюватися,когось,10,,,слово контексту
побоюватися,боятися,4,,,синонім
побоюватися,війни,4,,,слово контексту
побоюватися,смерть,4,,,слово контексту
побоюватися,чогось,4,,,слово контексту
побоятися,страх,11,99,20,синонім
побоятися,зробити,6,,,слово контексту
побоятися,сказати,3,,,слово контексту
побратим,друг,33,99,54,синонім
побратим,брат,14,,,синонім
побратим,товариш,7,,,синонім
побувати,дім,12,100,28,слово контексту
побувати,відвідати,10,,,синонім
побувати,вдома,6,,,слово контексту
побути,на_самоті,11,99,25,слово контексту
побути,вдома,10,,,слово контексту
побути,кимось,4,,,слово контексту
повірити,в_себе,16,99,26,слово контексту
повірити,на_слово,4,,,слово контексту
повірити,комусь,6,,,слово контексту
повірʼя,приказка,12,99,26,синонім
повірʼя,народне,6,,,слово контексту
повірʼя,забобон,8,,,слово контексту
поганий,настрій,6,100,27,слово контексту
поганий,добрий,5,,,слово контексту
поганий,викладач,4,,,слово контексту
поганий,злий,4,,,синонім
поганий,сон,4,,,слово контексту
поганий,чоловік,4,,,слово контексту
погано,добре,12,99,25,антонім
погано,зле,5,,,синонім
погано,бачити,4,,,слово контексту
погано,зробити,4,,,слово контексту
погляд,думка,7,99,25,слово контексту
погляд,зір,7,,,синонім
погляд,очі,7,,,слово контексту
погляд,бачення,4,,,синонім
погостювати,в_друзів,7,99,29,слово контексту
погостювати,друзі,4,,,слово контексту
погостювати,в_друга,3,,,слово контексту
погостювати,в_когось,3,,,слово контексту
погостювати,відвідати,3,,,слово контексту
погостювати,гість,3,,,синонім
погостювати,гості,3,,,синонім
погостювати,добре,3,,,слово контексту
подивитися,телевізор,18,99,31,слово контексту
подивитися,кіно,5,,,слово контексту
подивитися,в_очі,4,,,слово контексту
подивитися,глянути,4,,,синонім
подіяти,зробити,4,99,26,слово контексту
подіяти,на_нерви,4,,,слово контексту
подіяти,вплив,3,,,синонім
подіяти,вплинути,3,,,синонім
подіяти,на_когось,3,,,слово контексту
подіяти,на_себе,3,,,слово контексту
подіяти,отрута,3,,,слово контексту
подіяти,силою,3,,,слово контексту
подіятися,відбутися,4,100,7,синонім
подіятися,зробити,3,,,синонім
подобріти,до_когось,5,100,11,слово контексту
подобріти,сміх,3,,,слово контексту
подобріти,усмішка,3,,,слово контексту
по-доброму,по-злому,8,100,14,антонім
по-доброму,відноситись,3,,,слово контексту
по-доброму,жити,3,,,слово контексту
подружжя,сімʼя,16,101,28,синонім
подружжя,пара,8,,,синонім
подружжя,шлюб,4,,,синонім
подумати,добре,7,100,15,слово контексту
подумати,задача,4,,,слово контексту
подумати,розум,4,,,синонім
пожаліти,когось,17,100,26,синонім
пожаліти,допомогти,3,,,слово контексту
пожаліти,людину,3,,,слово контексту
пожаліти,себе,3,,,слово контексту
пожалкувати,вчинок,5,100,17,слово контексту
пожалкувати,когось,5,,,слово контексту
пожалкувати,про_щось,4,,,слово контексту
пожалкувати,за_чимось,3,,,слово контексту
пожартувати,анекдот,9,100,29,слово контексту
пожартувати,сміх,8,,,слово контексту
пожартувати,з_кимось,6,,,слово контексту
пожартувати,над_кимось,6,,,слово контексту
пожовкнути,листя,22,100,42,слово контексту
пожовкнути,осінь,7,,,слово контексту
пожовкнути,жовтуха,5,,,слово контексту
пожовкнути,колір,4,,,слово контексту
пожовкнути,пожовтіти,4,,,синонім
пожовтіти,листя,12,100,30,слово контексту
пожовтіти,хвороба,10,,,слово контексту
пожовтіти,осінь,8,,,слово контексту
позаздрити,комусь,14,103,29,слово контексту
позаздрити,кому,6,,,слово контексту
позаздрити,заздрість,5,,,синонім
позаздрити,гроші,4,,,слово контексту
позеленіти,весна,8,99,29,слово контексту
позеленіти,трава,8,,,слово контексту
позеленіти,злість,3,,,слово контексту
позеленіти,листя,3,,,слово контексту
позеленіти,погано,3,,,синонім
позеленіти,від_злості,4,,,слово контексту
поклик,душі,7,101,22,слово контексту
поклик,природи,7,,,слово контексту
поклик,душа,4,,,слово контексту
поклик,сумління,4,,,слово контексту
покликання,професія,6,101,12,слово контексту
покликання,робота,3,,,слово контексту
покликання,талант,3,,,синонім
покликати,на_допомогу,15,103,41,слово контексту
покликати,когось,12,,,слово контексту
покликати,допомога,5,,,слово контексту
покликати,гукнути,3,,,синонім
покликати,друга,3,,,слово контексту
покликати,кого,3,,,слово контексту
покохати,дівчину,16,103,38,слово контексту
покохати,дівчина,5,,,слово контексту
покохати,когось,5,,,слово контексту
покохати,людину,4,,,слово контексту
покохати,жінку,4,,,слово контексту
покохати,любов,4,,,синонім
полюбити,дівчину,16,100,42,слово контексту
полюбити,когось,13,,,слово контексту
полюбити,кохання,5,,,синонім
полюбити,дівчина,4,,,слово контексту
полюбити,кохати,4,,,синонім
помагати,людям,8,113,31,слово контексту
помагати,батькам,7,,,слово контексту
помагати,комусь,6,,,слово контексту
помагати,всім,5,,,слово контексту
помагати,допомога,5,,,синонім
помаранчевий,Ющенко,19,111,41,слово контексту
помаранчевий,апельсин,8,,,слово контексту
помаранчевий,перемога,7,,,слово контексту
помаранчевий,свобода,7,,,слово контексту
помислити,подумати,8,100,18,синонім
помислити,думка,6,,,слово контексту
помислити,думати,4,,,синонім
поміркувати,задача,5,100,18,слово контексту
поміркувати,подумати,5,,,синонім
поміркувати,думати,4,,,синонім
поміркувати,обдумати,4,,,синонім
поміч,допомога,18,99,31,синонім
поміч,друг,5,,,слово контексту
поміч,друзі,4,,,слово контексту
поміч,рука,4,,,слово контексту