Стимул,Реакція,Кількість реакцій,Загальна кількість реакцій,Кількість найчастіших реакцій
багатий,чоловік,17,112,34
багатий,гроші,11,,
багатий,хлопець,6,,
багатіти,гроші,31,100,38
багатіти,швидко,7,,
багато,грошей,16,102,38
багато,мало,14,,
багато,щастя,8,,
багатство,гроші,46,102,62
багатство,бідність,8,,
багатство,велике,4,,
багатство,влада,4,,
бажаний,гість,22,101,46
бажаний,результат,7,,
бажаний,жаданий,5,,
бажаний,коханий,4,,
бажаний,подарунок,4,,
бажаний,хлопець,4,,
бажання,мрія,9,101,25
бажання,жити,7,,
бажання,відчуття,3,,
бажання,прагнення,3,,
бажання,пристрасть,3,,
бажано,добре,6,102,28
бажано,вчитися,5,,
бажано,зробити,5,,
бажано,небажано,3,,
бажано,прийти,3,,
бажано,треба,3,,
бажано,щастя,3,,
бажати,щастя,26,100,47
бажати,хотіти,13,,
бажати,добра,8,,
байдуже,мені,6,102,18
байдуже,все_рівно,4,,
байдуже,слухати,4,,
байдуже,все_одно,4,,
байдужий,чоловік,8,100,26
байдужий,людина,6,,
байдужий,до_всього,4,,
байдужий,до_людей,4,,
байдужий,холодний,4,,
байдужість,лінь,4,101,19
байдужість,апатія,3,,
байдужість,все_одно,3,,
байдужість,до_всього,3,,
байдужість,людина,3,,
байдужість,холодність,3,,
байдужо,ставитись,12,98,34
байдужо,поставитися,7,,
байдужо,відповісти,4,,
байдужо,все_одно,4,,
байдужо,дивитися,4,,
байдужо,ніяк,3,,
батько,мати,19,101,31
батько,рідний,6,,
батько,тато,6,,
бачення,світу,14,101,40
бачення,світогляд,10,,
бачення,світ,9,,
бачення,погляд,7,,
бачити,очі,20,100,43
бачити,світ,9,,
бачити,око,5,,
бачити,світло,5,,
бачити,зір,4,,
бачитися,часто,12,100,42
бачитися,зустріч,11,,
бачитися,з_друзями,8,,
бачитися,друзі,6,,
бачитися,зустрічатися,5,,
безталанний,чоловік,7,100,28
безталанний,доля,6,,
безталанний,людина,6,,
безталанний,нещасний,5,,
безталанний,бездарний,4,,
бентежити,хвилювати,8,100,31
бентежити,душу,6,,
бентежити,людей,5,,
бентежити,душа,4,,
бентежити,тривожити,4,,
бентежити,хвилювання,4,,
бентежитися,хвилюватися,9,98,17
бентежитися,переживати,8,,
біг,швидкий,18,101,38
біг,швидкість,11,,
біг,спорт,9,,
бігати,швидко,14,100,32
бігати,крос,7,,
бігати,ноги,6,,
бігати,спорт,5,,
бігом,швидко,20,102,33
бігом,йти,7,,
бігом,додому,6,,
бігти,швидко,28,112,34
бігти,крос,6,,
бідний,селянин,21,112,40
бідний,студент,8,,
бідний,бомж,6,,
бідний,чоловік,5,,
бідність,злидні,8,101,17
бідність,погано,5,,
бідність,багатство,4,,
бідніти,гроші,6,100,19
бідніти,духовно,4,,
бідніти,багатіти,3,,
бідніти,втрачати,3,,
бідніти,злидні,3,,
бідно,жити,37,102,50
бідно,багато,7,,
бідно,гроші,3,,
бідно,убого,3,,
білий,сніг,34,112,52
білий,день,11,,
білий,колір,7,,
білити,хату,13,100,42
білити,стіни,12,,
білити,стіна,10,,
білити,стіну,7,,
біліти,сніг,17,113,33
біліти,від_страху,16,,
біль,страждання,7,101,36
біль,хвороба,5,,
біль,гострий,4,,
біль,жаль,4,,
біль,рана,4,,
біль,серце,4,,
біль,сильний,4,,
біль,страх,4,,
блакитний,небо,44,100,68
блакитний,колір,16,,
блакитний,голубий,8,,
блакить,небо,61,101,76
блакить,неба,8,,
блакить,небесна,5,,
блакить,синя,2,,
близький,друг,41,100,71
близький,рідний,11,,
близький,родич,10,,
близький,далекий,9,,
близькість,любов,10,101,36
близькість,дружба,5,,
близькість,людина,5,,
близькість,друг,4,,
близькість,друзі,3,,
близькість,інтим,3,,
близькість,кохання,3,,
близькість,стосунки,3,,
близько,далеко,16,102,22
близько,стояти,6,,
боліти,зуб,26,100,50
боліти,голова,19,,
боліти,хворіти,5,,
боляче,рана,12,102,26
боляче,голова,5,,
боляче,серце,5,,
боляче,вдарити,4,,
боягуз,страх,15,101,25
боягуз,заєць,10,,
боягузливий,заєць,23,100,42
боягузливий,страх,11,,
боягузливий,лякливий,4,,
боягузливий,хлопець,4,,
боязко,страх,8,102,21
боязко,страшно,8,,
боязко,дивитись,5,,
боятися,страх,11,113,27
боятися,темряви,9,,
боятися,темнота,7,,
брак,грошей,10,102,30
брак,часу,9,,
брак,коштів,7,,
брак,слів,4,,
бракувати,грошей,9,100,34
бракувати,гроші,8,,
бракувати,не_вистачати,11,,
бракувати,нестача,3,,
бракувати,час,3,,
брат,сестра,21,101,34
брат,рідний,8,,
брат,друг,5,,
брати,участь,10,100,18
брати,давати,4,,
брати,позичати,4,,
братися,за_роботу,15,113,41
братися,до_роботи,13,,
братися,робота,13,,
брехати,в_очі,7,100,28
брехати,неправда,6,,
брехати,людям,5,,
брехати,обман,5,,
брехати,обманювати,5,,
брехня,неправда,11,101,26
брехня,правда,6,,
брехня,обман,5,,
брехня,погано,4,,
брехун,неправда,9,112,17
брехун,неповага,4,,
брехун,обман,4,,
бувати,відвідувати,9,100,17
бувати,вдома,8,,
бути,жити,16,113,34
бути,добрим,10,,
бути,існувати,8,,
буття,життя,30,101,42
буття,існування,6,,
буття,світ,6,,
вага,кілограм,12,101,25
,маса,9,,
,велика,4,,
вагомий,внесок,36,100,66
,важливий,14,,
,вчинок,8,,
,доказ,8,,
важити,багато,18,113,33
,вага,15,,
важкий,тягар,19,113,48
,камінь,14,,
,день,9,,
,метал,6,,
важко,жити,11,102,24
,легко,7,,
,тяжко,6,,
важливий,вчинок,8,100,31
,день,7,,
,крок,6,,
,вагомий,5,,
,доказ,5,,
важливість,навчання,7,101,18
,необхідність,7,,
,відповідальність,4,,
важливо,знати,21,102,31
,потрібно,6,,
,дуже,4,,
вартий,уваги,47,100,62
,увага,12,,
,цінний,3,,
вартість,ціна,26,102,52
,гроші,18,,
,життя,4,,
,цінність,4,,
варто,жити,6,102,14
,зробити,4,,
,піти,4,,
вартувати,уваги,10,113,36
,гроші,9,,
,ціна,8,,
,когось,5,,
,кращого,4,,
вболівати,за_команду,19,100,60
,футбол,16,,
,команда,10,,
,переживати,9,,
,за_когось,3,,
,підтримувати,3,,
вважати,думати,18,99,37
,правильно,7,,
,думка,6,,
,за_потрібне,6,,
вважатися,добрим,9,112,20
,мудрим,6,,
,розумним,5,,
ввечері,темно,9,102,30
,телевізор,6,,
,відпочинок,5,,
,гуляти,5,,
,спати,5,,
вгадати,відповідь,15,102,40
,загадка,9,,
,слово,9,,
,думку,7,,
вдень,сонце,16,102,42
,вночі,13,,
,світло,13,,
вдома,добре,11,99,30
,тепло,8,,
,сидіти,6,,
,затишок,5,,
верба,дерево,42,101,60
,плакуча,10,,
,зелена,5,,
,символ,3,,
веселий,настрій,14,112,34
,день,5,,
,друг,5,,
,клоун,5,,
,сміх,5,,
веселити,людей,12,99,34
,компанію,8,,
,друзів,7,,
,радіти,7,,
веселитися,вечірка,7,112,19
,з_друзями,6,,
,радіти,6,,
весело,сумно,7,102,20
,жити,5,,
,з_друзями,4,,
,сміятися,4,,
веселощі,радість,23,101,41
,сміх,18,,
вечір,зорі,10,101,25
,темно,5,,
,темнота,5,,
,тихий,5,,
вечірній,час,8,99,32
,Львів,7,,
,одяг,7,,
,дзвін,5,,
,зоря,5,,
вечоріти,темніти,9,99,24
,надворі,8,,
,сутінки,7,,
взнати,правду,8,102,24
,нове,4,,
,новина,8,,
,таємницю,4,,
взяти,річ,9,102,21
,гроші,4,,
,книжку,4,,
,рука,4,,
взятися,за_справу,15,98,33
,за_розум,11,,
,за_руки,7,,
вибирати,одяг,13,99,27
,вибір,7,,
,друзів,7,,
вибір,можливість,7,101,21
,важливий,5,,
,професія,5,,
,правильний,4,,
вибори,президента,13,112,29
,президент,10,,
,депутатів,6,,
вибрати,одяг,7,102,15
,найкраще,4,,
,подарунок,4,,
вигук,крик,18,112,34
,ой,11,,
,частина_мови,5,,
вигукнути,слово,21,102,48
,голосно,11,,
,крик,8,,
,ура,8,,
вигукувати,слова,13,99,35
,кричати,12,,
,викрикувати,5,,
,голосно,5,,
вимагати,гроші,11,99,16
,правди,5,,
вимога,потреба,8,111,22
,наказ,7,,
,обов'язок,7,,
вимогливий,до_себе,28,112,63
,викладач,24,,
,вчитель,11,,
вимогливість,до_себе,14,101,26
,вчитель,6,,
,строгість,6,,
витриманий,вино,16,99,27
,чоловік,6,,
,характер,5,,
витримано,поводитись,9,102,13
,вино,4,,
витримати,біль,13,98,34
,випробування,11,,
,навантаження,5,,
,паузу,5,,
витримка,терпіння,9,100,23
,сила,8,,
,сила_волі,6,,
витримувати,біль,24,112,41
,навантаження,10,,
,випробування,7,,
вівця,тварина,11,101,36
,баран,11,,
,кучерява,7,,
,шерсть,7,,
віддалитися,далеко,7,102,20
,відстань,5,,
,від_людей,4,,
,від_людини,4,,
віддалятися,відходити,7,99,20
,дорога,7,,
,від_дому,6,,
відмова,ні,9,101,20
,образа,4,,
,розчарування,4,,
,злість,3,,
відмовити,комусь,5,102,12
,людині,4,,
,в_проханні,3,,
відмовитися,від_їжі,7,98,18
,від_чогось,7,,
,від_щастя,4,,
відмовляти,ні,7,99,19
,собі,5,,
,допомога,4,,
,друзям,3,,
відмовлятися,ні,5,99,14
,від_щастя,3,,
,відмова,3,,
,не_хотіти,3,,
відповідати,на_питання,23,99,38
,питання,8,,
,за_вчинки,7,,
відповідний,одяг,12,99,21
,момент,5,,
,вчинок,4,,
відповідь,запитання,20,110,35
,питання,11,,
,правильна,4,,
відповісти,на_питання,23,102,46
,питання,18,,
,правильно,5,,
відчувати,біль,26,99,42
,почуття,6,,
,тепло,6,,
,радість,4,,
відчуватися,погано,11,112,24
,добре,7,,
,почуття,6,,
відчути,біль,31,102,42
,почуття,6,,
,радість,5,,
відчутний,біль,17,112,39
,вплив,11,,
,удар,11,,
відчуття,почуття,8,101,20
,любов,7,,
,біль,5,,
віл,тварина,20,101,34
,великий,7,,
,робота,7,,
вільний,птах,16,99,38
,час,9,,
,воля,7,,
,день,6,,
вільно,почуватися,9,102,28
,володіти,7,,
,говорити,6,,
,жити,6,,
віра,надія,10,101,33
,в_Бога,9,,
,Бог,7,,
,релігія,7,,
вірити,Бог,7,99,25
,в_Бога,7,,
,довіряти,6,,
,людям,5,,
віритися,комусь,7,112,15
,довіряти,5,,
,Бог,3,,
вірний,друг,62,112,84
,собака,11,,
,товариш,11,,
вірність,любов,11,110,26
,зрада,8,,
,лебедина,7,,
вірно,служити,8,102,18
,відповісти,5,,
,друг,5,,
вітер,холод,13,101,29
,сильний,11,,
,дощ,5,,
влада,гроші,8,101,16
,уряд,5,,
,вища,3,,
владний,господар,6,112,17
,президент,6,,
,над_собою,5,,
владно,поводитися,8,102,12
,гворити,4,,
вночі,спати,19,102,45
,темно,10,,
,сон,9,,
,місяць,7,,
вовк,ліс,11,101,40
,злий,10,,
,сірий,10,,
,тварина,9,,
вогонь,тепло,16,114,34
,вода,9,,
,яскравий,9,,
вода,чиста,13,114,40
,прозора,9,,
,річка,9,,
,тече,9,,
володіння,майно,9,101,21
,маєток,7,,
,багатство,5,,
володіти,собою,12,99,30
,мати,7,,
,багатство,6,,
,мовою,5,,
воля,свобода,15,101,20
,простір,5,,
ворог,недруг,14,101,23
,друг,9,,
ворогувати,із_сусідом,9,99,21
,війна,6,,
,ворог,6,,
вороже,ставитися,16,102,30
,ставлення,14,,
ворожий,табір,34,116,65
,погляд,15,,
,ворог,8,,
,стан,8,,
вражати,дивувати,7,116,21
,розум,6,,
,когось,4,,
,чимось,4,,
вражаючий,вчинок,7,99,24
,погляд,7,,
,ефект,5,,
,результат,5,,
вражений,від_побаченого,6,120,20
,здивований,6,,
,диво,4,,
,подією,4,,
враження,захоплення,7,100,17
,думка,6,,
,від_побаченого,4,,
вразити,в_серце,6,102,22
,серце,6,,
,здивувати,5,,
,когось,5,,
вразливий,характер,17,99,34
,чоловік,7,,
,хлопець,6,,
,людина,4,,
втрата,біль,15,101,27
,смерть,7,,
,горе,5,,
втратити,друга,10,102,22
,людину,9,,
,близьких,3,,
втрачати,надію,8,99,28
,час,7,,
,гроші,5,,
,губити,4,,
,свідомість,4,,
вчасний,прихід,8,99,23
,пунктуальний,8,,
,дзвінок,7,,
вчинити,злочин,26,102,41
,зло,8,,
,зробити,7,,
вчинок,дія,10,99,27
,хороший,10,,
,добрий,7,,
вчора,сьогодні,8,102,21
,минуле,7,,
,завтра,6,,
вчорашній,день,53,99,68
,хліб,8,,
,вечір,7,,
гадати,думати,23,99,58
,карти,22,,
,на_картах,13,,
гадка,думка,40,99,42
,мудра,2,,
газета,"""Експрес""",8,99,24
,журнал,8,,
,інформація,8,,
газетний,папір,20,99,49
,кіоск,19,,
,стаття,10,,
газетяр,газета,11,110,23
,журналіст,7,,
,пошта,5,,
гість,бажаний,10,99,24
,радість,8,,
,друг,6,,
глядіти,дитину,8,99,21
,дивитись,7,,
,дітей,6,,
глянути,в_очі,10,102,35
,вікно,10,,
,у_вікно,9,,
,очі,6,,
гнів,злість,14,99,29
,ненависть,7,,
,лютий,4,,
,сильний,4,,
гніватися,образа,6,99,18
,гнів,4,,
,злість,4,,
,на_друга,4,,
гнівний,погляд,19,116,35
,злий,8,,
,чоловік,8,,
гнівно,дивитись,7,98,22
,сказати,7,,
,глянути,4,,
,говорити,4,,
говір,діалект,13,98,32
,мова,13,,
,розмова,6,,
говірка,діалект,15,110,44
,мова,12,,
,прислів'я,9,,
,село,8,,
,села,7,,
говорити,балакати,8,99,22
,неправду,7,,
,правду,7,,
голова,розум,10,99,29
,розумна,7,,
,волосся,6,,
,мудра,6,,
головне,життя,7,101,18
,здоров'я,6,,
,в_житті,5,,
головний,біль,21,99,41
,лікар,10,,
,убір,10,,
головувати,керувати,8,99,19
,на_зборах,6,,
,керівник,5,,
голос,дзвінкий,10,99,25
,звук,9,,
,спів,6,,
голосний,звук,34,99,51
,спів,10,,
,голос,7,,
голосно,кричати,20,102,44
,говорити,15,,
,сміятися,9,,
голубий,небо,32,99,64
,колір,27,,
,голуб,5,,
горобець,птах,17,99,55
,пташка,14,,
,маленький,13,,
,сірий,11,,
господар,добрий,8,99,22
,дому,7,,
,хазяїн,7,,
господарка,велика,4,99,12
,добра,4,,
,жінка,4,,
господарство,село,12,113,31
,сільське,12,,
,велике,7,,
господарювати,вдома,13,99,26
,дім,7,,
,подвір'я,6,,
господиня,жінка,11,111,25
,добра,7,,
,кухня,7,,
гостювати,у_друзів,8,99,22
,друзі,6,,
,гість,4,,
,довго,4,,
гріх,зло,6,99,10
,злочин,4,,
грішити,гріх,6,98,15
,церква,5,,
,багато,4,,
грішний,чоловік,29,117,45
,світ,9,,
,людина,7,,
грішно,думати,10,102,21
,гріх,6,,
,робити,5,,
громада,люди,14,99,32
,народ,7,,
,спільнота,6,,
,село,5,,
громадський,транспорт,27,98,45
,діяч,10,,
,обов'язок,8,,
гроші,влада,16,99,31
,багатство,15,,
гукати,кликати,15,98,42
,кричати,10,,
,ліс,9,,
,когось,8,,
гукнути,когось,9,102,23
,голосно,8,,
,крикнути,6,,
гучний,голос,19,116,46
,звук,17,,
,музика,10,,
гучно,голосно,11,98,26
,музика,8,,
,кричати,7,,
далекий,родич,15,98,38
,близький,9,,
,край,7,,
,світ,7,,
далеко,близько,13,102,26
,бачити,8,,
,від_дому,5,,
далечінь,горизонт,12,99,22
,дорога,6,,
,недосяжність,4,,
дарма,що,6,102,15
,жаль,3,,
,марно,3,,
,навіщо,3,,
дармовий,хліб,20,98,36
,вчинок,6,,
,обід,6,,
,день,4,,
дармувати,час,26,116,36
,лінь,6,,
,бити_байдики,4,,
денний,навчання,10,98,28
,заробіток,8,,
,стаціонар,5,,
,час,5,,
день,ніч,23,99,38
,світло,10,,
,сонце,5,,
дерево,дуб,14,99,39
,зелене,12,,
,береза,8,,
,липа,5,,
держава,Україна,11,113,27
,країна,11,,
,незалежна,5,,
державний,діяч,11,98,33
,устрій,9,,
,прапор,7,,
,герб,6,,
дивитися,телевізор,13,98,36
,в_очі,10,,
,очі,8,,
,бачити,5,,
дивний,сон,25,112,39
,чоловік,8,,
,погляд,6,,
дивно,поводитися,7,102,19
,бачити,4,,
,мені,4,,
,цікаво,4,,
диво,чудо,19,99,29
,здивування,6,,
,не_буває,4,,
дивуватися,комусь,8,112,18
,чудо,4,,
,людям,3,,
,собі,3,,
дитина,маленька,13,99,31
,радість,11,,
,мала,7,,
дитинство,безтурботність,9,112,24
,щасливе,9,,
,радість,6,,
дитячий,сміх,24,98,47
,садок,14,,
,голос,9,,
дівчина,краса,14,99,43
,хлопець,14,,
,красива,8,,
,гарна,7,,
дім,рідний,10,99,27
,сім'я,10,,
,затишок,7,,
дія,вчинок,14,99,34
,робота,10,,
,рух,5,,
,театр,5,,
діяти,робити,12,98,27
,впевнено,5,,
,робота,5,,
,швидко,5,,
діятися,подія,6,112,10
,відбуватися,4,,
добре,погано,11,102,24
,жити,5,,
,знати,4,,
,поводитися,4,,
добрий,друг,12,98,24
,дідусь,6,,
,злий,6,,
добро,зло,30,99,34
,щастя,4,,
дозвіл,заборона,4,99,12
,радість,4,,
,робота,4,,
дозволити,собі,8,102,21
,взяти,6,,
,зробити,4,,
,гуляти,3,,
дозволяти,все,8,98,19
,дозвіл,5,,
,мама,3,,
,собі,3,,
доля,життя,13,99,26
,фатум,7,,
,щастя,6,,
домівка,рідна,11,99,29
,хата,7,,
,сім'я,6,,
,затишок,5,,
допомагати,батькам,7,98,17
,друзям,5,,
,іншим,5,,
допомога,швидка,8,101,16
,друга,4,,
,підтримка,4,,
допомогти,в_біді,5,102,14
,другові,5,,
,друг,4,,
дочка,син,15,99,28
,мама,7,,
,мати,6,,
дощ,вода,11,99,24
,сніг,7,,
,сильний,6,,
друг,вірний,14,99,25
,вірність,6,,
,товариш,5,,
дружина,вірна,13,110,45
,чоловік,12,,
,вірність,10,,
,жінка,10,,
дружити,друг,6,98,14
,з_хлопцем,4,,
,подруга,4,,
дуб,дерево,23,98,43
,сила,9,,
,міць,6,,
,міцний,5,,
дума,Шевченко,7,99,23
,пісня,6,,
,важка,5,,
,кобзар,5,,
думати,вважати,5,98,17
,мислити,4,,
,мозок,4,,
,розум,4,,
думка,швидка,7,109,20
,мислення,5,,
,власна,4,,
,мрія,4,,
дурний,мудрий,11,114,29
,нерозумний,10,,
,хлопець,8,,
душа,чиста,21,114,41
,тіло,12,,
,добра,8,,
жаба,зелена,34,100,38
,болото,4,,
жаліти,себе,9,98,22
,шкодувати,5,,
,близьких,4,,
,за_минулим,4,,
жалкувати,минуле,9,116,24
,за_минулим,8,,
,за_чимось,7,,
жаль,сльози,10,99,23
,сум,8,,
,смуток,5,,
жарт,сміх,40,99,51
,аекдот,11,,
жартома,сказати,14,102,33
,сміх,11,,
,образити,8,,
жартувати,сміх,19,121,40
,анекдот,11,,
,сміятися,10,,
жах,страх,24,99,34
,фільм,6,,
,страшно,4,,
жахатися,страх,18,110,36
,боятися,11,,
,лякатися,7,,
жахливий,день,13,120,34
,вигляд,11,,
,сон,10,,
жахливо,виглядати,10,102,20
,страх,6,,
,жах,4,,
жахнутися,страх,9,98,19
,від_побаченого,4,,
,жах,3,,
,привид,3,,
живий,звук,11,116,33
,труп,11,,
,мертвий,7,,
,людина,4,,
жити,існувати,10,110,21
,щасливо,6,,
,добре,5,,
жито,поле,12,99,41
,пшениця,12,,
,хліб,12,,
,зелене,5,,
життя,вічне,7,110,20
,довге,7,,
,вічність,6,,
жінка,чоловік,14,99,29
,краса,8,,
,мати,7,,
жіночий,одяг,25,116,34
,голос,9,,
жовкнути,листя,31,116,52
,осінь,8,,
,восени,7,,
,хвороба,6,,
жовтий,колір,24,110,47
,сонце,19,,
,синій,4,,
жовтіти,листя,15,110,32
,хвороба,7,,
,осінь,5,,
,хворіти,5,,
журба,сум,10,99,26
,смуток,9,,
,туга,7,,
журитися,сум,9,116,21
,сумувати,7,,
,горе,5,,
забракнути,часу,22,102,37
,гроші,8,,
,грошей,7,,
забувати,пам'ять,16,116,27
,все,6,,
,образи,5,,
забуватися,пам'ять,10,116,14
,щось_зробити,4,,
забути,все,11,102,21
,образу,5,,
,про_все,5,,
забутися,сон,6,98,12
,забуття,3,,
,заснути,3,,
забуття,сон,8,99,17
,пам'ять,5,,
,смерть,4,,
заволодіти,майном,9,102,30
,собою,9,,
,чимось,7,,
,світом,5,,
завтра,день,7,102,24
,буде,6,,
,майбутнє,6,,
,сьогодні,5,,
завтрашній,день,85,117,93
,ранок,5,,
,вечір,3,,
заговорити,з_кимось,4,102,11
,знайомство,4,,
,до_когось,3,,
зажуритися,сум,11,98,21
,сумно,6,,
,засумувати,4,,
заздрити,комусь,14,116,29
,погано,10,,
,подрузі,5,,
заздрісний,чоловік,15,112,37
,друг,14,,
,сусід,8,,
заздрість,чорна,10,99,23
,гріх,8,,
,зло,5,,
заладнати,справи,34,98,59
,справу,17,,
,справа,5,,
,проблеми,3,,
залежати,від_когось,23,112,51
,від_батьків,19,,
,батьки,9,,
залежний,раб,8,110,23
,від_батьків,5,,
,від_когось,5,,
,чоловік,5,,
залежність,наркотики,6,109,14
,від_батьків,4,,
,від_когось,4,,
замовчати,правду,8,98,18
,навіки,4,,
,назавжди,3,,
,секрет,3,,
запам'ятати,вірш,20,98,31
,пам'ять,6,,
,дату,5,,
запитати,цікавість,5,98,18
,щось,5,,
,відповідь,4,,
,когось,4,,
заробити,гроші,70,98,77
,грошей,5,,
,оцінку,2,,
заробіток,гроші,32,101,40
,великий,8,,
заробляти,гроші,69,110,75
,працювати,6,,
засоромитися,почервоніти,15,99,29
,червоний,6,,
,когось,4,,
,хлопця,4,,
заспівати,пісню,40,102,59
,пісня,15,,
,голос,4,,
затужити,за_домом,10,101,24
,за_кимось,7,,
,сум,7,,
зауваження,вчитель,7,101,13
,докір,3,,
,помилка,3,,
зауважити,помилку,13,102,17
,щось,4,,
захмаритися,небо,43,102,52
,дощ,5,,
,сонце,4,,
захотіти,бажання,12,102,24
,їсти,8,,
,морозиво,4,,
захотітися,бажання,7,98,15
,морозива,5,,
,загорітися,3,,
зацікавити,собою,8,98,20
,когось,7,,
,розмовою,5,,
збагатити,себе,12,98,27
,знання,8,,
,розум,7,,
збагатіти,гроші,13,99,30
,духовно,10,,
,душею,7,,
збайдужіти,до_всього,7,99,20
,до_когось,7,,
,до_життя,6,,
збентежений,схвильований,6,110,9
,несподіванкою,3,,
збентеження,страх,6,101,10
,здивування,4,,
збентежити,здивувати,5,99,17
,душу,4,,
,когось,4,,
,рідних,4,,
збентежитися,дуже,3,102,10
,страх,3,,
,від_слів,2,,
,від_чогось,2,,
збідніти,духовно,11,98,21
,душею,6,,
,гроші,4,,
збрехати,гріх,6,99,16
,неправда,6,,
,брехня,4,,
зважити,всі_за_і_проти,7,98,14
,подумати,4,,
,яблука,3,,
звеселити,душу,9,98,28
,друзів,7,,
,друга,6,,
,народ,6,,
звеселитися,душею,4,98,16
,жарт,4,,
,з_друзями,4,,
,радість,4,,
звикати,звичка,4,110,10
,до_людей,3,,
,до_обставин,3,,
звикнути,до_когось,7,99,17
,до_людини,5,,
,звичка,5,,
звичай,традиція,23,101,41
,обряд,12,,
,Різдво,6,,
звичайний,день,33,110,46
,простий,8,,
,буденний,5,,
звичайно,як_завжди,9,98,13
,буденно,4,,
звичка,погана,18,100,31
,куріння,9,,
,курити,4,,
звичний,день,25,113,39
,одяг,10,,
,буденний,4,,
звично,жити,5,102,15
,завжди,5,,
,як_завжди,5,,
звільнений,з_роботи,13,112,24
,в'язень,6,,
,від_обов'язків,5,,
звільнення,з_роботи,12,101,33
,робота,9,,
,воля,6,,
,свобода,6,,
звільнити,себе,8,102,16
,воля,4,,
,в'язниця,4,,
звільнитися,з_роботи,13,98,23
,робота,6,,
,від_страху,4,,
звільняти,з_роботи,27,113,41
,воля,7,,
,робота,7,,
звільнятися,з_роботи,17,110,32
,робота,11,,
,воля,4,,
звір,тигр,14,98,36
,лев,12,,
,дикий,10,,
згадати,минуле,14,102,31
,все,13,,
,дитинство,4,,
згадка,пам'ять,15,101,26
,минуле,6,,
,про_минуле,5,,
згадувати,минуле,27,110,47
,пам'ять,11,,
,дитинство,9,,
згрішити,гріх,9,102,17
,перед_Богом,4,,
,страх,4,,
здивований,несподіванка,7,110,19
,погляд,7,,
,вражений,5,,
здивовано,дивитися,17,101,30
,глянути,8,,
,подивитися,5,,
здивування,подив,13,101,23
,очі,5,,
,приємне,5,,
здивуватися,несподіванка,6,100,9
,від_чогось,3,,
здобувати,освіту,45,110,62
,освіта,11,,
,знання,6,,
здобути,славу,19,101,48
,освіту,16,,
,перемогу,13,,
здобуток,досягнення,4,101,10
,великий,3,,
,власний,3,,
зелений,колір,25,101,47
,гай,14,,
,трава,8,,
зеленіти,трава,24,110,46
,весна,16,,
,листя,6,,
земля,кругла,12,101,29
,чорна,9,,
,грунт,8,,
зірка,ясна,15,114,31
,небо,8,,
,яскрава,8,,
з'їсти,яблуко,17,98,27
,морозиво,5,,
,обід,5,,
злий,собака,31,110,45
,недобрий,7,,
,пес,7,,
злитися,на_себе,11,110,25
,на_когось,7,,
,нервуватися,7,,
зліва,справа,26,101,42
,направо,11,,
,подруга,5,,
злість,нерви,7,101,14
,ненависть,4,,
,ворог,3,,
зло,добро,20,110,33
,чорне,5,,
,погане,4,,
,погано,4,,
змогти,зробити,18,101,24
,все,3,,
,досягнути,3,,
знаний,відомий,25,110,37
,письменник,7,,
,у_світі,5,,
знання,розум,9,113,24
,сила,7,,
,великі,4,,
,університет,4,,
знати,все,21,110,32
,предмет,6,,
,багато,5,,
зневіра,розчарування,6,101,15
,розпач,5,,
,недовіра,4,,
зневіритися,в_людині,11,211,31
,в_собі,11,,
,_в_житті,9,,
зневірятися,розчарування,6,110,18
,в_житті,4,,
,в_людях,4,,
,в_собі,4,,
зненавидіти,себе,9,101,25
,когось,6,,
,ворога,5,,
,злість,5,,
зобов'язаний,обов'язок,9,110,19
,вчитися,6,,
,виконувати,4,,
зобов'язання,обов'язок,10,101,21
,робота,7,,
,навчання,4,,
зобов'язати,себе,8,101,22
,зробити,7,,
,когось,7,,
зобов'язувати,себе,11,110,26
,когось,9,,
,примушувати,6,,
зорі,небо,22,114,51
,ясні,20,,
,яскраві,9,,
зрадіти,зустрічі,6,101,12
,щастя,4,,
,весело,2,,
зробити,добре,10,101,27
,діло,7,,
,роботу,5,,
,справу,5,,
зробитися,добрим,5,98,17
,байдужим,4,,
,дурним,4,,
,кращим,4,,
зрозуміти,розум,6,101,22
,себе,6,,
,когось,5,,
,людину,5,,
зручний,одяг,22,110,39
,час,10,,
,взуття,7,,
зручність,комфорт,19,101,29
,взуття,5,,
,крісло,5,,
зручно,сидіти,19,101,29
,комфорт,5,,
,сісти,5,,
ім'я,моє,10,114,33
,гарне,8,,
,людина,8,,
,людини,7,,
інколи,деколи,18,114,44
,ніколи,14,,
,буває,12,,
їжа,смачна,15,101,28
,хліб,7,,
,смачно,6,,
їзда,кінь,14,101,40
,верхи,12,,
,машина,7,,
,швидка,7,,
їздити,верхи,18,110,34
,додому,8,,
,машина,8,,
їсти,хліб,11,110,27
,смачно,9,,
,морозиво,7,,
їстися,сваритися,8,110,21
,смачно,8,,
,злитися,5,,
їстівний,гриб,36,110,53
,фрукт,10,,
,продукт,7,,
їхати,додому,19,110,31
,машина,7,,
,верхи,5,,
йти,пішки,10,110,30
,додому,8,,
,вперед,6,,
,дорога,6,,
казати,правду,41,110,58
,говорити,9,,
,слово,8,,
калина,червона,54,114,68
,дерево,8,,
,малина,6,,
керівний,орган,33,110,57
,посада,20,,
,посада,4,,
керівник,класний,13,101,26
,директор,8,,
,начальник,5,,
керівництво,влада,9,113,23
,вище,8,,
,директор,6,,
керувати,машиною,10,100,22
,автомобіль,6,,
,влада,6,,
кінь,тварина,10,101,23
,вороний,9,,
,чорний,4,,
кликати,на_допомогу,22,110,44
,гукати,8,,
,допомога,7,,
,маму,7,,
козак,Мамай,7,114,27
,голота,5,,
,молодий,5,,
,парубок,5,,
,шаровари,5,,
коричневий,колір,17,99,33
,стіл,8,,
,стовбур,8,,
коріння,дерево,18,101,32
,дерева,8,,
,довге,6,,
коханий,хлопець,34,100,65
,чоловік,24,,
,любий,7,,
кохання,почуття,9,101,22
,любов,8,,
,вічне,5,,
кохати,любити,12,110,30
,людину,10,,
,хлопця,8,,
країна,Україна,31,101,45
,держава,8,,
,рідна,6,,
край,рідний,37,113,49
,батьківщина,6,,
,Україна,6,,
кров,червона,37,101,43
,смерть,3,,
,червоний,3,,
курка,яйце,21,98,34
,ряба,7,,
,пір'я,6,,
лад,порядок,15,101,32
,державний,10,,
,суспільний,7,,
ладен,зробити,12,110,27
,на_все,9,,
,готовий,6,,
ладнати,справи,17,100,26
,дружити,5,,
,стосунки,4,,
ладний,гарний,18,109,28
,красивий,6,,
,зробити,4,,
лихий,поганий,12,110,31
,чоловік,10,,
,злий,9,,
лихо,біда,18,101,34
,горе,8,,
,зло,4,,
,нещастя,4,,
лівий,правий,18,110,53
,бік,16,,
,черевик,10,,
,берег,9,,
луна,місяць,17,101,41
,ехо,14,,
,гори,10,,
лунати,голос,11,110,34
,звук,8,,
,пісня,8,,
,музика,7,,
любий,коханий,12,110,28
,друг,8,,
,хлопець,8,,
любити,кохати,11,100,17
,маму,6,,
любов,вічна,7,101,21
,кохання,7,,
,почуття,7,,
людина,істота,11,101,27
,особистість,8,,
,особа,4,,
,розумна,4,,
людяний,добрий,14,110,34
,чоловік,12,,
,гуманний,8,,
людяність,доброта,30,112,48
,добро,12,,
,чесність,6,,
лякати,страх,8,110,19
,когось,6,,
,страшити,5,,
лякатися,страх,20,100,39
,темряви,7,,
,боятися,6,,
,собаки,6,,
майбутнє,світле,24,113,35
,щасливе,6,,
,життя,5,,
майбутній,час,19,110,33
,чоловік,14,,
мати,рідна,12,229,48
,любов,7,,
,доброта,4,,
,все,8,,
,гроші,6,,
,щастя,6,,
,володіти,5,,
минати,час,11,110,19
,обходити,4,,
,проходити,4,,
минуле,дитинство,14,113,28
,історія,7,,
,спогади,7,,
минулий,час,16,110,48
,день,13,,
,рік,13,,
,тиждень,6,,
минути,час,11,101,18
,життя,4,,
,вулицю,3,,
мислення,думка,20,113,42
,розум,14,,
,логічне,8,,
мислити,думати,20,110,35
,логічно,8,,
,думка,7,,
міркування,думка,14,100,33
,роздуми,11,,
,думки,8,,
міркувати,роздумувати,9,110,20
,думати,7,,
,вголос,4,,
місто,Львів,33,112,53
,велике,7,,
,рідне,7,,
,село,6,,
міський,транспорт,34,110,57
,голова,23,,
місяць,повний,16,114,48
,ясний,13,,
,ніч,11,,
,зорі,8,,
мова,українська,31,112,57
,рідна,17,,
,спілкування,9,,
мовити,слово,24,110,40
,говорити,12,,
,промовляти,4,,
мовний,засіб,9,110,23
,бар'єр,8,,
,словник,6,,
мовчазний,чоловік,14,110,37
,хлопець,13,,
,неговіркий,5,,
,німий,5,,
мовчання,тиша,10,100,24
,золото,8,,
,згода,6,,
мовчати,довго,9,110,29
,не_говорити,8,,
,тиша,6,,
,тихо,6,,
мовчки,сидіти,17,101,31
,тихо,9,,
,думати,5,,
могти,зробити,19,110,39
,все,12,,
,вміти,8,,
можливий,варіант,20,110,41
,випадок,17,,
,вихід,4,,
можливість,шанс,12,112,22
,бажання,5,,
,велика,5,,
можливо,затра,5,101,13
,мабуть,4,,
,ні,4,,
можна,треба,14,98,27
,зробити,8,,
,сказати,5,,
молода,дівчина,24,110,50
,людина,18,,
,наречена,8,,
молодий,хлопець,16,109,37
,місяць,13,,
,чоловік,8,,
молодість,юність,11,112,26
,краса,8,,
,радість,7,,
молодіти,душею,9,112,21
,на_очах,8,,
,старіти,4,,
молодо,виглядати,40,101,49
,виглядає,5,,
,зелено,4,,
молодь,весела,5,100,13
,юність,5,,
,веселощі,3,,
мрія,бажання,8,112,18
,заповітна,6,,
,здійсненна,4,,
мріяти,про_майбутнє,6,110,18
,про_щастя,6,,
,щастя,6,,
мусити,зробити,19,110,38
,обов'зок,10,,
,робити,9,,
наближати,до_себе,10,110,22
,майбутнє,6,,
,подію,6,,
наближатися,до_мети,11,112,20
,до_істини,5,,
,додому,4,,
наблизити,до_себе,15,99,23
,кінець,5,,
,підійти,3,,
наблизитися,до_мети,10,101,23
,близько,9,,
,підійти,4,,
назва,ім'я,27,112,36
,власна,6,,
,предмет,3,,
назвати,ім'я,40,101,52
,на_ім'я,8,,
,дитину,4,,
назватися,ім'я,18,98,35
,іменем,13,,
,ім'ям,4,,
називати,ім'я,43,110,60
,на_ім'я,12,,
,дитину,5,,
називатися,ім'я,33,112,50
,людиною,11,,
,другом,6,,
наказ,виконання,8,112,17
,суворий,5,,
,строгий,4,,
наказати,зробити,11,98,23
,виконати,8,,
,наказ,4,,
наказувати,робити,7,110,17
,зробити,6,,
,примушувати,4,,
народ,нація,14,112,34
,люди,10,,
,укрїнський,10,,
народний,депутат,17,110,31
,артист,8,,
,дім,6,,
насмілитися,підійти,14,100,38
,зробити,12,,
,сказати,12,,
насправді,дійсно,8,101,18
,правда,6,,
,брехня,4,,
настрашитися,вовка,9,100,22
,собаки,5,,
,страх,4,,
,чогось,4,,
небесний,ангел,13,110,32
,колір,13,,
,світило,6,,
небо,голубе,23,112,45
,блакитне,13,,
,синє,9,,
невірно,помилка,8,101,20
,думати,7,,
,неправильно,5,,
недарма,зробити,5,101,13
,жити,4,,
,кажуть,4,,
незалежний,вільний,14,110,34
,держава,11,,
,Україна,9,,
незалежність,воля,18,98,39
,свобода,13,,
,Україна,8,,
незручний,одяг,21,110,37
,стілець,6,,
,поганий,5,,
,час,5,,
незручність,дисомфорт,8,100,18
,взуття,5,,
,сором,5,,
незручно,сидіти,8,101,19
,почуватися,6,,
,погано,5,,
неймовірний,випадок,23,110,35
,вчинок,7,,
,чудовий,5,,
ненавидіти,не_любити,7,110,19
,зло,6,,
,когось,6,,
ненависть,злість,14,98,38
,зло,12,,
,ворог,6,,
,гнів,6,,
неприємний,запах,37,109,48
,поганий,6,,
,випадок,5,,
неприємність,зло,5,112,13
,біда,4,,
,погано,4,,
неприємно,чути,5,101,13
,боляче,4,,
,відчувати,4,,
ніс,довгий,14,114,27
,обличчя,7,,
,великий,6,,
ніч,темна,17,112,39
,сон,11,,
,темнота,11,,
нічний,гість,9,109,24
,сон,9,,
,клуб,6,,
новий,одяг,25,109,40
,день,8,,
,костюм,7,,
новина,приємна,12,112,34
,цікава,12,,
,радість,10,,
новітній,історія,20,112,37
,час,9,,
,винахід,8,,
нога,рука,12,114,29
,болить,11,,
,довга,6,,
оіцянка,цяцянка,15,112,31
,виконання,8,,
,обов'язока,8,,
обіцяти,виконати,6,109,18
,виконувати,4,,
,гори,4,,
,золоті_гори,4,,
обличчя,гарне,9,112,28
,очі,7,,
,краса,6,,
,кругле,6,,
обман,брехня,17,114,37
,зрада,15,,
,правда,5,,
обов'язковий,предмет,5,109,14
,примусовий,5,,
,завдання,4,,
обов'язково,зробити,13,100,27
,прийти,9,,
,виконати,5,,
обов'язок,зобов'язання,6,112,14
,навчання,4,,
,необхідність,4,,
одруження,сім'я,11,112,30
,щастя,11,,
,шлюб,8,,
одружити,сина,12,100,21
,когось,5,,
,сім'я,4,,
одружитися,з_кимось,5,98,14
,з_коханим,5,,
,вдало,4,,
одружувати,дітей,8,109,20
,весілля,7,,
,священик,5,,
одружуватися,весілля,6,110,19
,шлюб,5,,
,з_коханим,4,,
,сім'я,4,,
озлитися,на_когось,12,98,20
,гнів,4,,
,злість,4,,
око,зір,9,112,21
,велике,6,,
,голубе,6,,
оселитися,дім,11,100,25
,будинок,7,,
,в_домі,7,,
оселя,дім,19,112,44
,затишна,11,,
,тепло,7,,
,хата,7,,
оселятися,будинок,13,109,29
,дім,11,,
,в_хаті,5,,
охоче,з_радістю,5,100,11
,із_задоволенням,3,,
,їсти,3,,
охочий,до_роботи,14,109,25
,до_праці,7,,
,бажання,4,,
очі,карі,31,114,44
,голубі,9,,
,дзеркало_душі,4,,
очолити,військо,14,100,23
,партію,5,,
,групу,4,,
очолювати,військо,9,109,21
,керівник,7,,
,партію,5,,
очорнити,людину,7,100,16
,когось,5,,
,честь,4,,
пам'ятати,вірш,10,100,23
,добро,7,,
,пам'ять,6,,
пам'ятка,архітектури,13,112,27
,архітектура,8,,
,згадка,6,,
пам'тний,день,48,109,59
,знак,7,,
,вчинок,4,,
пам'ять,добра,6,98,17
,хороша,6,,
,вірш,5,,
переляк,страх,50,112,58
,жах,8,,
переляканий,страх,15,100,26
,заєць,7,,
,боягуз,4,,
перелякати,страх,10,100,25
,дитину,8,,
,до_смерті,7,,
перелякатися,страх,12,98,24
,жах,6,,
,собаки,6,,
перемагати,війна,6,100,18
,зло,6,,
,змагання,6,,
перемога,радість,29,112,37
,Вікторія,4,,
,поразка,4,,
перемогти,ворога,24,210,56
,себе,20,,
,зло,12,,
переможець,перший,6,98,14
,лідер,4,,
,слава,4,,
переставати,думати,8,109,16
,вчитися,4,,
,жити,4,,
перестати,говорити,8,99,19
,робити,6,,
,думати,5,,
пес,друг,15,112,34
,собака,12,,
,злий,7,,
питання,відповідь,48,112,59
,цікаве,6,,
,риторичне,5,,
питати,запитання,4,109,12
,когось,4,,
,поради,4,,
півень,ранок,22,112,43
,курка,14,,
,червоний,7,,
пізнавати,світ,23,109,37
,нове,7,,
,себе,7,,
пізнання,світ,10,112,23
,світу,7,,
,знання,6,,
пізнати,світ,51,199,95
,себе,33,,
,істину,11,,
пісня,музика,14,112,28
,мелодія,7,,
,солов'їна,7,,
побажати,щастя,39,99,51
,добра,7,,
,успіху,5,,
побачитися,з_коханим,8,98,21
,зустріч,7,,
,з_кимось,6,,
побачити,світ,9,99,21
,друга,6,,
,сонце,6,,
побігати,спорт,5,99,12
,навколо,4,,
,вранці,3,,
побігти,швидко,10,99,24
,далеко,7,,
,додому,7,,
побілити,стіну,16,99,35
,стіни,10,,
,стелю,9,,
побіліти,від_страху,14,99,32
,страх,11,,
,лице,7,,
побоювання,страх,40,111,48
,невпевненість,5,,
,переляк,3,,
побоюватися,страх,20,208,34
,смерті,9,,
,когось,5,,
побоятися,сказати,10,99,18
,піти,4,,
,страх,4,,
побратим,друг,44,111,59
,товариш,10,,
,брат,5,,
побувати,за_кордоном,11,100,27
,вдома,10,,
,будинок,6,,
побути,на_самоті,13,99,32
,вдома,10,,
,наодинці,9,,
повірити,в_себе,18,99,27
,на_слово,5,,
,в_Бога,4,,
повір'я,приказка,14,111,33
,народне,10,,
,забобон,9,,
поганий,настрій,18,109,34
,злий,9,,
,день,7,,
погано,добре,6,99,16
,вчитися,5,,
,знати,5,,
погляд,очі,12,109,24
,око,7,,
,думка,5,,
погостювати,в_друзів,7,99,16
,в_родичів,5,,
,гості,4,,
подивитися,телевізор,28,99,36
,в_очі,4,,
,очі,4,,
подіяти,на_когось,9,99,21
,ліки,7,,
,на_нерви,5,,
подіятися,зробити,5,100,12
,відбутися,4,,
,добре,3,,
подобріти,стати_кращим,6,100,13
,до_людей,4,,
,до_когось,3,,
по-доброму,ставитися,7,100,17
,говорити,5,,
,зробити,5,,
подружжя,щасливе,8,98,22
,любов,7,,
,пара,7,,
подумати,добре,8,100,15
,розум,4,,
,довго,3,,
пожаліти,когось,6,100,15
,себе,5,,
,дитину,4,,
пожалкувати,вчинок,8,100,17
,за_минулим,5,,
,гроші,4,,
пожартувати,сміх,16,100,30
,з_друзями,9,,
,весело,5,,
пожовкнути,листя,25,100,38
,осінь,8,,
,жовтуха,5,,
пожовтіти,листя,12,100,19
,осінь,4,,
,від_болю,3,,
позаздрити,комусь,9,99,16
,по-доброму,4,,
,другові,3,,
позеленіти,трава,15,99,31
,від_злості,11,,
,весна,5,,
поклик,душі,17,97,28
,серця,7,,
,душа,4,,
покликання,доля,9,97,16
,талант,4,,
,життя,3,,
покликати,на_допомогу,25,99,34
,когось,5,,
,допомога,4,,
покохати,хлопця,17,99,35
,людину,13,,
,щиро,5,,
полюбити,хлопця,14,100,26
,людину,7,,
,когось,5,,
помагати,іншим,10,102,27
,людям,10,,
,друзям,7,,
помаранчевий,Ющенко,23,116,46
,апельсин,12,,
,революція,11,,
помислити,думка,5,100,13
,логічно,4,,
,подумати,4,,
поміркувати,думати,5,100,14
,над_чимось,5,,
,думка,4,,
поміч,допомога,15,109,29
,друг,9,,
,друга,5,,
помічний,засіб,8,109,22
,ліки,8,,
,друг,6,,
помогти,мамі,6,100,16
,допомога,5,,
,комусь,5,,
помолодіти,душею,10,100,19
,від_щастя,5,,
,крем,4,,
пообіцяти,виконати,12,100,25
,обіцянка,7,,
,зробити,6,,
порада,друг,16,109,43
,дружня,16,,
,добра,11,,
порадити,порада,9,100,21
,добре,6,,
,допомога,6,,
посада,висока,17,112,32
,директор,8,,
,робота,7,,
посвітліти,волосся,8,101,22
,небо,8,,
,день,6,,
посиніти,від_холоду,22,100,37
,холод,9,,
,злість,6,,
посіріти,небо,15,101,23
,від_злості,4,,
,сірий,4,,
послухати,музику,21,100,35
,музика,8,,
,маму,6,,
послухатися,батьків,14,100,33
,поради,11,,
,маму,8,,
поставитися,добре,12,100,24
,з_розумінням,7,,
,з_повагою,5,,
постаріти,вік,10,100,19
,швидко,5,,
,зморшки,4,,
поталанити,щастя,11,100,24
,доля,7,,
,в_житті,6,,
потемніти,ніч,16,100,32
,вечір,9,,
,небо,7,,
потерпати,біль,11,109,21
,від_болю,5,,
,від_чогось,5,,
потерпілий,аварія,10,102,19
,катастрофа,5,,
,жертва,4,,
потерпіти,біль,20,100,32
,поразку,7,,
,нещастя,5,,
потреба,гроші,11,108,24
,необхідність,8,,
,допомога,5,,
потребувати,допомогти,31,101,48
,допомога,12,,
,хотіти,5,,
потрібний,необхідний,14,109,24
,друг,6,,
,допомога,4,,
потурбувати,когось,8,100,16
,заважати,4,,
,невчасно,4,,
потурбуватися,про_себе,5,100,12
,про_батьків,4,,
,піклуватися,3,,
поцікавитися,інтерес,7,100,18
,новинами,6,,
,книгою,5,,
почервоніти,від_сорому,20,100,43
,сором,17,,
,від_стиду,6,,
почорніти,земля,17,100,29
,від_горя,6,,
,з_горя,6,,
почути,голос,17,100,30
,слух,7,,
,новину,6,,
почутися,добре,10,100,18
,погано,5,,
,відчути,3,,
почуття,любов,25,109,46
,кохання,17,,
,щирі,4,,
пощастити,в_житті,7,100,17
,лотерея,5,,
,щастя,5,,
правда,брехня,12,109,32
,гірка,12,,
,кривда,8,,
правдивий,чесний,13,109,22
,інформація,5,,
,чоловік,4,,
правий,бік,17,100,44
,лівий,15,,
,рука,12,,
працівник,робітник,13,112,31
,робота,13,,
,відповідальний,5,,
працьовитий,робітник,12,108,27
,чоловік,10,,
,батько,5,,
працювати,робота,10,100,20
,наполегливо,5,,
,старанно,5,,
працюватися,добре,15,112,28
,робота,8,,
,легко,5,,
працюючий,робітник,15,112,34
,чоловік,12,,
,студент,7,,
праця,робота,18,109,37
,наполеглива,10,,
,важка,9,,
приємний,запах,23,109,32
,голос,5,,
,добрий,4,,
приємно,добре,8,100,16
,слухати,4,,
,спілкуватися,4,,
прожити,життя,27,100,48
,вік,13,,
,довго,8,,
пролунати,голос,9,100,24
,звук,9,,
,голосно,6,,
промова,оратор,12,109,33
,виступ,12,,
,довга,9,,
промовити,слово,35,100,45
,сказати,6,,
,оратор,4,,
промовляти,говорити,9,110,25
,тихо,9,,
,слово,7,,
прямий,кут,14,100,30
,лінія,9,,
,шлях,7,,
прямо,сказати,10,99,25
,криво,8,,
,лінія,7,,
прямувати,вперед,13,100,35
,до_мети,12,,
,дорога,10,,
птах,орел,21,98,44
,голуб,18,,
,сокіл,5,,
рада,Верховна,16,109,30
,верховна,11,,
,вирішення,3,,
радий,бачити,10,100,23
,веселий,8,,
,усмішка,5,,
радити,порада,16,100,28
,друг,6,,
,другові,6,,
радісний,день,23,100,39
,веселий,10,,
,сміх,6,,
радісно,жити,6,99,16
,весело,5,,
,вигукнути,5,,
радість,щастя,15,109,30
,смуток,8,,
,сміх,7,,
радіти,щастя,13,110,27
,життю,10,,
,сміх,4,,
радо,зустріти,15,99,24
,вітати,5,,
,прийняти,4,,
ранковий,світанок,7,110,20
,сніданок,7,,
,роса,6,,
ранком,встати,22,99,40
,вставати,9,,
,сонце,9,,
ранок,сонце,14,109,29
,сонячний,8,,
,світанок,7,,
рід,сім'я,12,109,33
,чоловічий,12,,
,великий,9,,
рідний,дім,26,109,51
,край,18,,
,свій,7,,
робити,добро,23,110,41
,роботу,11,,
,працювати,7,,
робитися,добрим,6,100,15
,погано,5,,
,робота,4,,
робітник,праця,13,108,28
,працівник,10,,
,робота,5,,
робота,важка,9,98,19
,праця,7,,
,обов'язок,3,,
родина,сім'я,30,109,49
,велика,14,,
,моя,5,,
родинний,дім,13,100,29
,зв'язок,9,,
,затишок,7,,
розвиднятися,ранок,21,109,49
,світанок,18,,
,день,10,,
розгніватися,злість,7,99,17
,на_когось,6,,
,гнів,4,,
розмова,діалог,7,109,21
,приємна,7,,
,спілкування,7,,
розмовляти,пошепки,9,109,22
,спілкуватися,7,,
,говорити,6,,
розсердитися,на_себе,8,99,21
,гнів,7,,
,на_когось,6,,
розсміятися,весело,8,99,21
,щиро,7,,
,анекдот,6,,
розум,гострий,10,109,25
,інтелект,8,,
,голова,7,,
розуміти,когось,6,109,16
,все,5,,
,з_півслова,5,,
розумний,чоловік,6,109,16
,викладач,5,,
,мудрий,5,,
розумно,сказати,7,100,16
,мислити,5,,
,виглядати,4,,
рудий,волосся,12,109,30
,кіт,9,,
,колір,9,,
рука,нога,13,109,31
,права,11,,
,допомога,7,,
самостійність,незалежність,10,99,20
,людина,6,,
,робота,4,,
свиня,тварина,15,109,32
,брудна,9,,
,бруд,8,,
свідомий,вчинок,19,109,39
,громадянин,12,,
,українець,8,,
свідомість,підсвідомість,12,109,25
,розум,8,,
,людська,5,,
свідомо,зробити,12,99,22
,вчинити,6,,
,вчинок,4,,
свій,чужий,21,114,42
,мій,11,,
,рідний,10,,
світ,великий,11,109,22
,широкий,6,,
,всесвіт,5,,
світанок,ранок,24,98,42
,сонце,14,,
,ранній,4,,
світати,ранок,28,109,52
,день,12,,
,сонце,12,,
світити,сонце,28,109,55
,світло,16,,
,лампа,11,,
світитися,сонце,10,100,29
,лампа,11,,
,лампочка,8,,
світлий,день,26,99,41
,колір,8,,
,розум,7,,
світліти,ранок,14,100,31
,день,11,,
,сонце,6,,
світло,день,13,98,32
,сонце,13,,
,яскраве,6,,
свобода,воля,24,109,48
,слова,15,,
,незалежність,9,,
селитися,дім,9,109,19
,будинок,6,,
,жити,4,,
село,рідне,9,109,19
,місто,6,,
,корова,4,,
сердечний,приступ,13,109,37
,добрий,12,,
,друг,12,,
сердитий,злий,28,109,37
,собака,5,,
,викладач,4,,
сердитися,злість,6,109,16
,злитися,5,,
,на_когось,5,,
сердито,сказати,12,99,26
,говорити,8,,
,відповісти,6,,
серце,любов,8,109,21
,добре,7,,
,гаряче,6,,
сестра,брат,21,109,47
,рідна,16,,
,подруга,10,,
син,дочка,11,109,18
,батько,4,,
,брат,3,,
синій,колір,21,109,46
,небо,20,,
,іній,5,,
синіти,небо,15,109,31
,від_холоду,10,,
,море,6,,
синява,небо,27,108,38
,море,6,,
,неба,5,,
сільський,клуб,9,109,19
,час,6,,
,голова,4,,
сірий,день,19,108,40
,колір,12,,
,заєць,9,,
сірість,буденність,14,112,29
,туман,8,,
,дощ,7,,
сіріти,вечір,13,109,22
,день,5,,
,дощ,4,,
сказати,слово,12,99,20
,правду,5,,
,приємне,3,,
слово,мова,15,109,25
,речення,5,,
,розмова,5,,
слухати,музику,28,113,46
,музика,10,,
,вухо,8,,
слухатися,батьків,23,100,40
,батьки,9,,
,маму,8,,
сміливий,хлопець,17,100,37
,вчинок,12,,
,відважний,8,,
сміливість,мужність,13,109,26
,відвага,8,,
,герой,5,,
сміти,говорити,16,113,32
,робити,9,,
,сказати,7,,
сміх,радість,25,109,38
,веселий,8,,
,щастя,5,,
сміятися,голосно,19,113,43
,весело,16,,
,радість,8,,
сніг,білий,32,95,54
,зима,18,,
,частота,4,,
собака,друг,18,109,34
,пес,9,,
,злий,7,,
сонце,світло,15,109,38
,тепло,13,,
,жовте,10,,
сором,стид,10,109,24
,червоний,10,,
,почуття,4,,
соромитися,червоніти,17,113,31
,когось,10,,
,людей,4,,
соромно,почервоніти,9,99,21
,признатися,6,,
,сказати,6,,
сором'язливий,хлопець,43,113,54
,хлопчик,6,,
,скромний,5,,
спитати,поради,9,99,17
,дозволу,4,,
,пораду,4,,
спів,пісня,18,109,31
,музика,7,,
,мелодія,6,,
співати,пісню,22,113,51
,пісня,18,,
,пісні,11,,
співучий,голос,26,113,66
,соловей,21,,
,птах,19,,
співучо,говорити,17,99,29
,соловей,7,,
,пісня,5,,
спільний,дім,12,113,24
,друг,7,,
,зошит,5,,
спільність,єдність,4,109,11
,люди,4,,
,власність,3,,
спільнота,громада,6,98,17
,люди,6,,
,група,5,,
спогад,минуле,21,109,37
,пам'ять,8,,
,приємний,8,,
спокій,тиша,12,109,22
,сон,6,,
,відпочинок,4,,
спокійний,характер,19,113,31
,тихий,6,,
,чоловік,6,,
спокійно,тихо,9,99,22
,жити,8,,
,сидіти,5,,
справа,зліва,8,98,20
,діло,7,,
,честі,5,,
справджувати,надії,17,100,33
,сподівання,9,,
,мрії,7,,
справдити,сподівання,20,98,40
,надії,12,,
,бажання,8,,
справді,дійсно,12,99,23
,правда,6,,
,дійсність,5,,
справжній,друг,49,113,61
,герой,6,,
,чоловік,6,,
спромагатися,зробити,9,113,23
,могти,8,,
,вчитися,6,,
спромогтися,зробити,15,99,22
,змогти,4,,
,дія,3,,
спроможний,на_все,7,100,15
,здатний,5,,
,допомогти,3,,
спрямувати,погляд,13,99,26
,енергію,7,,
,увагу,6,,
ставати,на_ноги,12,113,28
,дорослим,9,,
,ранок,7,,
ставатися,подія,12,100,23
,випадок,7,,
,біда,4,,
ставитися,добре,23,113,42
,до_когось,10,,
,з_повагою,9,,
ставлення,відношення,11,109,26
,добре,8,,
,хороше,7,,
стара,хата,15,100,37
,бабуся,14,,
,жінка,8,,
старий,дід,22,112,38
,друг,9,,
,дідусь,7,,
старість,не_радість,9,109,22
,смерть,7,,
,мудрість,6,,
старіти,швидко,10,113,23
,вік,8,,
,зморшки,5,,
стати,людиною,5,99,11
,відомим,3,,
,зіркою,3,,
статися,подія,13,98,24
,випадок,6,,
,біді,5,,
страх,переляк,7,108,17
,боязнь,6,,
,жах,4,,
страшитися,боятися,11,113,23
,темряви,7,,
,когось,5,,
страшний,суд,20,100,38
,сон,10,,
,звір,8,,
страшно,подумати,7,98,15
,жити,4,,
,смерть,4,,
стриманий,характер,15,113,32
,чоловік,13,,
,погляд,4,,
стриманість,скромність,10,108,17
,сором'язливість,4,,
,вихованість,3,,
стримано,поводитися,15,98,28
,говорити,8,,
,поведінка,5,,
стримати,гнів,16,99,35
,почуття,11,,
,емоції,8,,
стриматися,від_бажань,3,98,9
,від_злості,3,,
,від_образи,3,,
сум,сльози,10,108,20
,печаль,5,,
,туга,5,,
сумний,настрій,16,113,31
,вечір,8,,
,вигляд,7,,
сумно,весело,5,98,14
,дивитися,5,,
,печаль,4,,
сумувати,за_домом,5,113,13
,за_батьками,4,,
,за_коханим,4,,
сусід,добрий,14,111,28
,друг,10,,
,людина,4,,
сусідити,сусіди,8,100,17
,дружити,5,,
,сусід,4,,
сусідній,будинок,29,113,52
,дім,16,,
,двір,7,,
сучасний,стиль,21,113,43
,одяг,15,,
,модний,7,,
схвильований,голос,7,113,17
,переживання,5,,
,студент,5,,
схвилювання,переживання,9,98,18
,емоції,5,,
,страх,4,,
схвилювати,когось,7,98,17
,збентежити,6,,
,людину,4,,
схвилюватися,самому,5,98,12
,переживати,4,,
,від_чогось,3,,
сьогодення,теперішнє,9,111,21
,буденність,6,,
,сіре,6,,
сьогодні,завтра,14,98,28
,день,8,,
,зараз,6,,
сьогоднішній,день,74,113,81
,ранок,4,,
,тепер,3,,
талан,доля,13,110,31
,дар,12,,
,талант,6,,
таланити,у_всьому,10,113,26
,успіх,8,,
,фортуна,8,,
тварина,кіт,14,98,30
,корова,8,,
,собака,8,,
темний,колір,27,113,48
,ліс,15,,
,вечір,6,,
темніти,ніч,22,113,42
,вечір,14,,
,в_очах,6,,
темно,ніч,32,98,52
,вночі,12,,
,світло,8,,
темрява,ніч,48,111,63
,страх,10,,
,світло,5,,
терпець,увірвався,36,111,52
,терпіння,9,,
,стриманість,7,,
терпіння,біль,6,99,15
,велике,5,,
,мука,4,,
терпіти,біль,32,113,48
,муки,11,,
,страждання,5,,
терплячий,чоловік,22,113,39
,характер,9,,
,батько,8,,
товариство,друзі,19,111,33
,компанія,9,,
,дружба,5,,
товариш,друг,26,99,36
,вірний,6,,
,дружба,4,,
товаришувати,друг,13,113,27
,довго,7,,
,дружба,7,,
тополя,дерево,30,111,56
,висока,21,,
,струнка,5,,
треба,зробити,11,98,24
,жити,8,,
,потрібно,5,,
тримати,в_руках,12,113,23
,рука,7,,
,руки,4,,
триматися,разом,8,113,19
,за_руки,6,,
,міцно,5,,
туга,сум,23,109,34
,смуток,7,,
,біль,4,,
тужити,за_домом,6,113,16
,батьківщина,5,,
,біль,5,,
тужливий,голос,11,113,28
,сумний,10,,
,погляд,7,,
турбота,піклування,10,110,24
,мама,8,,
,опіка,6,,
турботливий,батько,35,113,57
,мама,13,,
,друг,9,,
турбувати,когось,10,113,25
,сусідів,8,,
,батьків,7,,
турбуватися,про_маму,4,113,11
,про_себе,4,,
,за_себе,3,,
увага,зосередженість,7,110,14
,повага,4,,
,пильна,3,,
уважний,учень,12,113,26
,студент,9,,
,викладач,5,,
уважність,урок,5,99,12
,лекція,4,,
,зосередженість,3,,
уважно,слухати,43,98,52
,прочитати,5,,
,читати,4,,
уряд,влада,13,99,23
,парламент,6,,
,Верховна_Рада,4,,
урядовець,посада,9,109,20
,керівник,6,,
,політик,5,,
усвідомити,зрозуміти,11,98,25
,помилку,10,,
,життя,4,,
усвідомлювати,помилку,8,113,20
,правду,6,,
,розуміти,6,,
уява,фантазія,10,110,25
,мрія,8,,
,велика,7,,
уявити,майбутнє,9,110,20
уявити,мрія,7,,
уявити,картину,4,,
уявляти,майбутнє,24,98,43
уявляти,мрія,10,,
уявляти,мріяти,9,,
хвилювання,переживання,15,113,29
хвилювання,страх,8,,
хвилювання,екзамен,6,,
хвилювати,батьків,13,110,28
хвилювати,когось,9,,
хвилювати,маму,6,,
хвилюватися,переживати,15,113,28
хвилюватися,екзамен,9,,
хвилюватися,відповідальність,4,,
хвилюючий,момент,29,100,37
хвилюючий,день,4,,
хвилюючий,фільм,4,,
хліб,свіжий,12,100,29
хліб,сіль,9,,
хліб,їжа,8,,
хлопець,дівчина,17,114,39
хлопець,гарний,16,,
хлопець,красивий,6,,
хмара,дощ,34,110,60
хмара,чорна,16,,
хмара,небо,10,,
хмаритися,небо,42,113,62
хмаритися,дощ,17,,
хмаритися,на_дощ,3,,
хода,швидка,14,97,27
хода,повільна,7,,
хода,ноги,6,,
ходити,пішки,15,113,27
ходити,ноги,6,,
ходити,швидко,6,,
хотіти,бажання,8,113,19
хотіти,їсти,6,,
хотіти,любити,5,,
хотітися,бажання,6,112,15
хотітися,бажати,6,,
хотітися,їсти,3,,
цікавий,фільм,17,113,33
цікавий,співрозмовник,9,,
цікавий,книга,7,,
цікавити,когось,21,113,38
цікавити,людей,10,,
цікавити,інтерес,7,,
цікавитися,кимось,5,113,13
цікавитися,людиною,4,,
цікавитися,музикою,4,,
цікавість,інтерес,12,110,24
цікавість,допитливість,7,,
цікавість,велика,5,,
цікаво,знати,14,98,28
цікаво,читати,8,,
цікаво,слухати,6,,
час,годинник,13,110,32
час,година,10,,
час,швидкоплинний,9,,
часом,буває,14,98,30
часом,інколи,11,,
часом,сумно,5,,
червоний,колір,28,113,51
червоний,помідор,14,,
червоний,кров,9,,
червоніти,від_сорому,23,113,43
червоніти,сором,12,,
червоніти,соромитися,8,,
чинити,опір,22,113,53
чинити,добро,17,,
чинити,зло,14,,
чинний,закон,39,112,47
чинний,дійсний,4,,
чинний,стан,4,,
чільний,місце,19,112,31
чільний,замок,6,,
чільний,одяг,6,,
чоло,високе,35,110,49
чоло,лоб,9,,
чоло,зморшки,5,,
чоловік,жінка,17,110,28
чоловік,людина,7,,
чоловік,вірний,4,,
чоловічий,одяг,31,113,49
чоловічий,костюм,11,,
чоловічий,характер,7,,
чорний,ворон,15,113,31
чорний,колір,10,,
чорний,кіт,6,,
чорнити,брехати,4,100,11
чорнити,наговорювати,4,,
чорнити,репутацію,3,,
чорніти,земля,13,100,28
чорніти,ніч,9,,
чорніти,від_злості,6,,
чорно,біло,11,98,22
чорно,земля,6,,
чорно,біле,5,,
чужий,свій,14,114,23
чужий,собака,5,,
чужий,дім,4,,
чути,голос,21,100,36
чути,слухати,9,,
чути,вуха,6,,
чутися,добре,18,113,33
чутися,в_силі,8,,
чутися,погано,7,,
чутка,брехня,18,110,39
чутка,плітка,11,,
чутка,плітки,10,,
шлях,дорога,33,110,51
шлях,довгий,11,,
шлях,тернистий,7,,
щасливий,випадок,7,112,19
щасливий,батько,6,,
щасливий,радісний,6,,
щастити,в_житті,9,112,23
щастити,в_усьому,7,,
щастити,завжди,7,,
щастя,радість,28,110,39
щастя,вічне,6,,
щастя,безмежне,5,,
щирий,друг,36,112,49
щирий,добрий,7,,
щирий,товариш,6,,
щирість,відвертість,11,110,26
щирість,доброта,8,,
щирість,правда,7,,
щиро,відверто,6,98,16
щиро,сміятися,6,,
щиро,відповісти,4,,
язик,довгий,31,114,45
язик,розмова,7,,
язик,рот,7,,
як,так,9,114,23
як,ніяк,8,,
як,коли,6,,
ярмо,неволя,17,114,31
ярмо,важке,8,,
ярмо,рабство,6,,
яскравий,колір,15,114,30
яскравий,день,9,,
яскравий,світлий,6,,
ясний,день,42,114,61
ясний,місяць,11,,
ясний,світлий,8,,